Product Name,License Type,Product Line (PL),Product Family,Unit of Measure,List Price (USD),PRP Number,Status,Price List
Automate IT LEON for BMC Helix Solutions Add-on - 1 Transaction - MarketZone,OPS,Remediate,Remediate On Prem,per LEON transaction ,10.11,PRP-00015422,Generally Available,USA List Prices 
Automate IT LEON for BMC Helix Solutions Base - per transaction per server - MarketZone,OPS,Remediate,Remediate On Prem,per managed asset - server endpoint ,32.51,PRP-00015423,Generally Available,USA List Prices 
automate-it LEON for BMC Solutions - MarketZone,OPS,Remediate,Remediate On Prem,per managed asset - server endpoint ,56.89,PRP-00007045,Generally Available,USA List Prices 
automate-it LEON for BMC Solutions - MarketZone,Perpetual,Remediate,Remediate On Prem,per managed asset - server endpoint ,1707,PRP-00007046,Generally Available,USA List Prices 
BladeLogic Application Automation Agent,OPS,Remediate,Remediate On Prem,per agent ,22.44,PRP-00001330,Transition,USA List Prices 
BladeLogic Application Automation Agent,Perpetual,Remediate,Remediate On Prem,per agent ,673,PRP-00001331,Transition,USA List Prices 
BladeLogic Application Automation Suite,OPS,Remediate,Remediate On Prem,per instance ,14954.21,PRP-00002246,Transition,USA List Prices 
BladeLogic Application Automation Suite,Perpetual,Remediate,Remediate On Prem,per instance ,448626,PRP-00002247,Transition,USA List Prices 
BladeLogic Application Release Automation,OPS,Remediate,Remediate On Prem,per managed server ,448.64,PRP-00001391,Transition,USA List Prices 
BladeLogic Application Release Automation,Perpetual,Remediate,Remediate On Prem,per managed server ,13459,PRP-00001392,Transition,USA List Prices 
BMC Application Automation - License Add-on,OPS,Remediate,Remediate On Prem,per managed asset - server endpoint ,284.85,PRP-00003946,Transition,USA List Prices 
BMC Application Automation - License Add-on,Perpetual,Remediate,Remediate On Prem,per managed asset - server endpoint ,8545,PRP-00003947,Transition,USA List Prices 
BMC Assignment Fee - CVT,OPS,CVT,FootPrints Service Core,Each ,8333.33,PRP-00002267,Generally Available,USA List Prices 
BMC Assignment Fee - DSOM,OPS,Other DSOM,Other On Prem,Each ,8333.33,PRP-00002160,Generally Available,USA List Prices 
BMC Assignment Fee - DSOM - SaaS,SaaS,Other DSOM,Other SaaS,Each ,8333.33,PRP-00003705,Generally Available,USA List Prices 
BMC Capacity Management - Performance Analysis for Linux zSeries,OPS,ITOM,ITOM On Prem,per Linux engine ,2770.48,PRP-00003798,Withdrawn,USA List Prices 
BMC Capacity Management - Performance Analysis for Linux zSeries,Perpetual,ITOM,ITOM On Prem,per Linux engine ,83115,PRP-00003799,Withdrawn,USA List Prices 
BMC Client Management,OPS,ITOM,ITOM On Prem,per node ,0,PRP-00002312,Generally Available,USA List Prices 
BMC Client Management,Perpetual,ITOM,ITOM On Prem,per node ,0,PRP-00002313,Generally Available,USA List Prices 
BMC Client Management - Compliance,OPS,ITOM,ITOM On Prem,per node ,0.54,PRP-00004623,Generally Available,USA List Prices 
BMC Client Management - Compliance,Perpetual,ITOM,ITOM On Prem,per node ,16,PRP-00004625,Generally Available,USA List Prices 
BMC Client Management - Consolidated Master Server,OPS,ITOM,ITOM On Prem,per instance ,42.35,PRP-00005456,Generally Available,USA List Prices 
BMC Client Management - Consolidated Master Server,Perpetual,ITOM,ITOM On Prem,per instance ,1270,PRP-00005457,Generally Available,USA List Prices 
BMC Client Management - Deployment,OPS,ITOM,ITOM On Prem,per node ,0.8,PRP-00005980,Generally Available,USA List Prices 
BMC Client Management - Deployment,Perpetual,ITOM,ITOM On Prem,per node ,24,PRP-00005982,Generally Available,USA List Prices 
BMC Client Management - Inventory,OPS,ITOM,ITOM On Prem,per node ,0.8,PRP-00006378,Generally Available,USA List Prices 
BMC Client Management - Inventory,Perpetual,ITOM,ITOM On Prem,per node ,24,PRP-00006379,Generally Available,USA List Prices 
BMC Client Management - Patch,OPS,ITOM,ITOM On Prem,per node ,0.54,PRP-00005873,Generally Available,USA List Prices 
BMC Client Management - Patch,Perpetual,ITOM,ITOM On Prem,per node ,16,PRP-00005875,Generally Available,USA List Prices 
BMC Client Management - Remote,OPS,ITOM,ITOM On Prem,per node ,0.4,PRP-00005976,Generally Available,USA List Prices 
BMC Client Management - Remote,Perpetual,ITOM,ITOM On Prem,per node ,12,PRP-00005978,Generally Available,USA List Prices 
BMC Client Management Master Server,OPS,ITOM,ITOM On Prem,per instance ,42.35,PRP-00005744,Generally Available,USA List Prices 
BMC Client Management Master Server,Perpetual,ITOM,ITOM On Prem,per instance ,1270,PRP-00005745,Generally Available,USA List Prices 
BMC Client Management Suite Nodes,OPS,ITOM,ITOM On Prem,per node ,2.66,PRP-00002368,Generally Available,USA List Prices 
BMC Client Management Suite Nodes,Perpetual,ITOM,ITOM On Prem,per node ,80,PRP-00002369,Generally Available,USA List Prices 
BMC Database Automation - License Add-on,OPS,CVT,BDA,per managed asset - server endpoint ,390.83,PRP-00004468,Withdrawn,USA List Prices 
BMC Database Automation - License Add-on,Perpetual,CVT,BDA,per managed asset - server endpoint ,11725,PRP-00004470,Withdrawn,USA List Prices 
BMC Database Recovery Management - Base License,OPS,CVT,DM - DS,per enterprise ,55.61,PRP-00004663,Withdrawn,USA List Prices 
BMC Database Recovery Management - Base License,Perpetual,CVT,DM - DS,per enterprise ,1668,PRP-00004665,Withdrawn,USA List Prices 
BMC Database Recovery Management - EMC Networker Module,OPS,CVT,DM - DS,per installed server ,22.25,PRP-00001773,Withdrawn,USA List Prices 
BMC Database Recovery Management - EMC Networker Module,Perpetual,CVT,DM - DS,per installed server ,667,PRP-00001774,Withdrawn,USA List Prices 
BMC Database Recovery Management - IBM Tivoli Storage Manager Module,OPS,CVT,DM - DS,per installed server ,22.25,PRP-00003846,Withdrawn,USA List Prices 
BMC Database Recovery Management - IBM Tivoli Storage Manager Module,Perpetual,CVT,DM - DS,per installed server ,667,PRP-00003847,Withdrawn,USA List Prices 
BMC Database Recovery Management - per GB,OPS,CVT,DM - DS,per gigabyte ,25.03,PRP-00001891,Withdrawn,USA List Prices 
BMC Database Recovery Management - per GB,Perpetual,CVT,DM - DS,per gigabyte ,751,PRP-00001892,Withdrawn,USA List Prices 
BMC Database Recovery Management - Symantec NetBackup Module,OPS,CVT,DM - DS,per installed server ,22.25,PRP-00004895,Withdrawn,USA List Prices 
BMC Database Recovery Management - Symantec NetBackup Module,Perpetual,CVT,DM - DS,per installed server ,667,PRP-00004896,Withdrawn,USA List Prices 
BMC Digital Workplace Advanced,OPS,ITSM,ITSM On Prem,per named user ,4.4,PRP-00004220,Transition,USA List Prices 
BMC Digital Workplace Advanced,Perpetual,ITSM,ITSM On Prem,per named user ,132,PRP-00004221,Transition,USA List Prices 
BMC Discovery - Community Edition,Perpetual,ITOM,ITOM On Prem,per managed server ,0,PRP-00003961,Transition,USA List Prices 
BMC Discovery - Resource Unit,OPS,ITOM,ITOM On Prem,per resource unit ,15.57,PRP-00007252,Generally Available,USA List Prices 
BMC Discovery - Resource Unit,Perpetual,ITOM,ITOM On Prem,per resource unit ,467,PRP-00007253,Generally Available,USA List Prices 
BMC Discovery for Data Center - ESO,OPS,ITOM,ITOM On Prem,per managed asset - server endpoint ,15.57,PRP-00000243,Transition,USA List Prices 
BMC Discovery for Data Center - ESO,Perpetual,ITOM,ITOM On Prem,per managed asset - server endpoint ,467,PRP-00000244,Transition,USA List Prices 
BMC Discovery for Data Center - Formerly BMC Discovery Solution,OPS,ITOM,ITOM On Prem,per managed asset - server endpoint ,22.5,PRP-00004718,Withdrawn,USA List Prices 
BMC Discovery for Data Center - Formerly BMC Discovery Solution,Perpetual,ITOM,ITOM On Prem,per managed asset - server endpoint ,675,PRP-00004719,Withdrawn,USA List Prices 
BMC Discovery for Multi-Cloud,OPS,ITOM,ITOM On Prem,per managed asset - cloud resource ,6.53,PRP-00003615,Transition,USA List Prices 
BMC Discovery for Multi-Cloud,Perpetual,ITOM,ITOM On Prem,per managed asset - cloud resource ,196,PRP-00003616,Transition,USA List Prices 
BMC Discovery for Storage - ESO,OPS,ITOM,ITOM On Prem,per managed asset - server endpoint ,2.15,PRP-00002794,Transition,USA List Prices 
BMC Discovery for Storage - ESO,Perpetual,ITOM,ITOM On Prem,per managed asset - server endpoint ,65,PRP-00002795,Transition,USA List Prices 
BMC Discovery Sync for ServiceNow CMDB,OPS,ITOM,ITOM On Prem,per instance ,1972.02,PRP-00004218,Generally Available,USA List Prices 
BMC Discovery Sync for ServiceNow CMDB,Perpetual,ITOM,ITOM On Prem,per instance ,59161,PRP-00004219,Generally Available,USA List Prices 
BMC Extended Full Support Fee - TSCO,OPS,ITOM,ITOM On Prem,Each ,20833.33,PRP-00010399,Generally Available,USA List Prices 
BMC Extended Full Support Fee - TSCO,Perpetual,ITOM,ITOM On Prem,Each ,250000,PRP-00010400,Generally Available,USA List Prices 
BMC Extended Support Fee - CVT,OPS,CVT,FootPrints Service Core,Each ,8333.33,PRP-00001777,Generally Available,USA List Prices 
BMC Extended Support Fee - CVT,Perpetual,CVT,FootPrints Service Core,Each ,100000,PRP-00001778,Generally Available,USA List Prices 
BMC Extended Support Fee - DSOM,OPS,ITSM,ITSM On Prem,Each ,8333.33,PRP-00001285,Generally Available,USA List Prices 
BMC Extended Support Fee - DSOM,Perpetual,ITSM,ITSM On Prem,Each ,100000,PRP-00001286,Generally Available,USA List Prices 
BMC Helix Additional Custom Agent,SaaS,ITSM,ITSM SaaS,Per Custom Agent - SaaS ,4887.6,N/A,Controlled,USA List Prices 
BMC Helix Additional Custom Agent on AWS (DoD IL4),SaaS,ITSM,ITSM SaaS,Per Custom Agent - SaaS ,8446.2,N/A,Controlled,USA List Prices 
BMC Helix Additional Custom Agent on AWS (DoD IL5),SaaS,ITSM,ITSM SaaS,Per Custom Agent - SaaS ,10135.2,N/A,Controlled,USA List Prices 
BMC Helix Additional Custom Agent on AWS (FedRAMP),SaaS,ITSM,ITSM SaaS,Per Custom Agent - SaaS ,7038,N/A,Controlled,USA List Prices 
BMC Helix Additional Custom Agent OnPrem,OPS,ITSM,ITSM On Prem,Per Custom Agent - OnPrem ,4887.6,N/A,Controlled,USA List Prices 
BMC Helix Additional Custom Agent OnPrem,Perpetual,ITSM,ITSM On Prem,Per Custom Agent - OnPrem ,146628,N/A,Controlled,USA List Prices 
BMC Helix Additional Environment,SaaS,ITSM,ITSM SaaS,Each ,5220.77,PRP-00001380,Generally Available,USA List Prices 
BMC Helix Additional Environment (German Regulated Cloud),SaaS,ITSM,ITSM SaaS,Each ,6264.93,PRP-00001377,Generally Available,USA List Prices 
BMC Helix Additional Environment (Public Sector),SaaS,ITSM,ITSM SaaS,Each ,6137.98,PRP-00004746,Transition,USA List Prices 
BMC Helix Additional Environment on AWS (DoD Impact Level 4),SaaS,ITSM,ITSM SaaS,Each ,8102.15,PRP-00004747,Generally Available,USA List Prices 
BMC Helix Additional Environment on AWS (DoD Impact Level 5),SaaS,ITSM,ITSM SaaS,Each ,9722.58,PRP-00001379,Generally Available,USA List Prices 
BMC Helix Additional Environment on AWS (FedRAMP),SaaS,ITSM,ITSM SaaS,Each ,6751.78,PRP-00004745,Generally Available,USA List Prices 
BMC Helix Additional Storage - 1 TB,SaaS,ITSM,ITSM SaaS,Each ,765.77,PRP-00006565,Generally Available,USA List Prices 
BMC Helix Additional Storage - 1 TB (DoD Impact Level 4),SaaS,ITSM,ITSM SaaS,Each ,1323.25,PRP-00006571,Generally Available,USA List Prices 
BMC Helix Additional Storage - 1 TB (DoD Impact Level 5),SaaS,ITSM,ITSM SaaS,Each ,1587.89,PRP-00006561,Generally Available,USA List Prices 
BMC Helix Additional Storage - 1 TB (FedRAMP),SaaS,ITSM,ITSM SaaS,Each ,1102.71,PRP-00006574,Generally Available,USA List Prices 
BMC Helix Additional Storage - 1 TB (German Regulated Cloud),SaaS,ITSM,ITSM SaaS,Each ,918.92,PRP-00006568,Generally Available,USA List Prices 
BMC Helix Additional Storage - 50GB,SaaS,ITSM,ITSM SaaS,Each ,346.8,PRP-00003145,Generally Available,USA List Prices 
BMC Helix Additional Storage (German Regulated Cloud) - 50GB,SaaS,ITSM,ITSM SaaS,Each ,416.19,PRP-00003144,Generally Available,USA List Prices 
BMC Helix Additional Storage (Public Sector) - 50GB,SaaS,ITSM,ITSM SaaS,Each ,409.74,PRP-00002254,Transition,USA List Prices 
BMC Helix Additional Storage MSP (50 GB),SaaS,ITSM,ITSM SaaS,Each ,32.34,PRP-00015017,Controlled,USA List Prices 
BMC Helix Additional Storage on AWS - 50GB,SaaS,ITSM,ITSM SaaS,Each ,346.8,PRP-00003147,Transition,USA List Prices 
BMC Helix Additional Storage on AWS (DoD Impact Level 4) - 50GB,SaaS,ITSM,ITSM SaaS,Each ,540.85,PRP-00002252,Generally Available,USA List Prices 
BMC Helix Additional Storage on AWS (DoD Impact Level 4) - 50GB - per ticket - SaaS,SaaS,ITSM,ITSM SaaS,per ticket - SaaS ,540.83,PRP-00011261,Controlled,USA List Prices 
BMC Helix Additional Storage on AWS (DoD Impact Level 5) - 50GB,SaaS,ITSM,ITSM SaaS,Each ,649.02,PRP-00003148,Generally Available,USA List Prices 
BMC Helix Additional Storage on AWS (DoD Impact Level 5) - 50GB - per ticket - SaaS,SaaS,ITSM,ITSM SaaS,per ticket - SaaS ,649.04,PRP-00011262,Controlled,USA List Prices 
BMC Helix Additional Storage on AWS (FedRAMP) - 50GB,SaaS,ITSM,ITSM SaaS,Each ,450.71,PRP-00002253,Generally Available,USA List Prices 
BMC Helix Additional Storage OnPrem MSP (50 GB),OPS,ITSM,ITSM On Prem,Each ,32.34,PRP-00015011,Controlled,USA List Prices 
BMC Helix AI Service Management - Advanced - Concurrent User,SaaS,ITSM,ITSM SaaS,per concurrent user - SaaS ,1221.85,PRP-00015539,Generally Available,USA List Prices 
BMC Helix AI Service Management - Advanced - Named User,SaaS,ITSM,ITSM SaaS,per named user - SaaS ,407.3,PRP-00015543,Generally Available,USA List Prices 
BMC Helix AI Service Management - Standard - Concurrent User,SaaS,ITSM,ITSM SaaS,per concurrent user - SaaS ,930.75,PRP-00015547,Generally Available,USA List Prices 
BMC Helix AI Service Management - Standard - Named User,SaaS,ITSM,ITSM SaaS,per named user - SaaS ,310.25,PRP-00015551,Generally Available,USA List Prices 
BMC Helix AI Service Management for Telco - Advanced - Concurrent user,SaaS,ITSM,ITSM SaaS,per concurrent user - SaaS ,1328,PRP-00015569,Generally Available,USA List Prices 
BMC Helix AI Service Management for Telco - Advanced - Named User,SaaS,ITSM,ITSM SaaS,per named user - SaaS ,442.7,PRP-00015570,Generally Available,USA List Prices 
BMC Helix AI Service Management for Telco OnPrem - Advanced - Concurrent User,OPS,ITSM,ITSM On Prem,per concurrent user ,1144.77,PRP-00015571,Generally Available,USA List Prices 
BMC Helix AI Service Management for Telco OnPrem - Advanced - Named User,OPS,ITSM,ITSM On Prem,per named user ,381.61,PRP-00015572,Generally Available,USA List Prices 
BMC Helix AI Service Management on AWS (DoD IL4) - Advanced - Concurrent User,SaaS,ITSM,ITSM SaaS,per concurrent user - SaaS ,2111.4,PRP-00015540,Controlled,USA List Prices 
BMC Helix AI Service Management on AWS (DoD IL4) - Advanced - Named User,SaaS,ITSM,ITSM SaaS,per named user - SaaS ,703.85,PRP-00015544,Controlled,USA List Prices 
BMC Helix AI Service Management on AWS (DoD IL4) - Standard - Concurrent User,SaaS,ITSM,ITSM SaaS,per concurrent user - SaaS ,1608.3,PRP-00015548,Controlled,USA List Prices 
BMC Helix AI Service Management on AWS (DoD IL4) - Standard - Named User,SaaS,ITSM,ITSM SaaS,per named user - SaaS ,536.1,PRP-00015552,Controlled,USA List Prices 
BMC Helix AI Service Management on AWS (DoD IL5) - Advanced - Concurrent User,SaaS,ITSM,ITSM SaaS,per concurrent user - SaaS ,2533.7,PRP-00015541,Controlled,USA List Prices 
BMC Helix AI Service Management on AWS (DoD IL5) - Advanced - Named User,SaaS,ITSM,ITSM SaaS,per named user - SaaS ,844.6,PRP-00015545,Controlled,USA List Prices 
BMC Helix AI Service Management on AWS (DoD IL5) - Standard - Concurrent User,SaaS,ITSM,ITSM SaaS,per concurrent user - SaaS ,1929.95,PRP-00015549,Controlled,USA List Prices 
BMC Helix AI Service Management on AWS (DoD IL5) - Standard - Named User,SaaS,ITSM,ITSM SaaS,per named user - SaaS ,643.3,PRP-00015553,Controlled,USA List Prices 
BMC Helix AI Service Management on AWS (FedRAMP) - Advanced - Concurrent User,SaaS,ITSM,ITSM SaaS,per concurrent user - SaaS ,1759.5,PRP-00015542,Controlled,USA List Prices 
BMC Helix AI Service Management on AWS (FedRAMP) - Advanced - Named User,SaaS,ITSM,ITSM SaaS,per named user - SaaS ,586.5,PRP-00015546,Controlled,USA List Prices 
BMC Helix AI Service Management on AWS (FedRAMP) - Standard - Concurrent User,SaaS,ITSM,ITSM SaaS,per concurrent user - SaaS ,1340.25,PRP-00015550,Controlled,USA List Prices 
BMC Helix AI Service Management on AWS (FedRAMP) - Standard - Named User,SaaS,ITSM,ITSM SaaS,per named user - SaaS ,446.75,PRP-00015554,Controlled,USA List Prices 
BMC Helix AI Service Management OnPrem - Advanced - Concurrent User,OPS,ITSM,ITSM On Prem,per concurrent user ,1038.6,PRP-00015555,Generally Available,USA List Prices 
BMC Helix AI Service Management OnPrem - Advanced - Concurrent User,Perpetual,ITSM,ITSM On Prem,per concurrent user ,36656,PRP-00015556,Controlled,USA List Prices 
BMC Helix AI Service Management OnPrem - Advanced - Named User,OPS,ITSM,ITSM On Prem,per named user ,346.21,PRP-00015559,Generally Available,USA List Prices 
BMC Helix AI Service Management OnPrem - Advanced - Named User,Perpetual,ITSM,ITSM On Prem,per named user ,12219,PRP-00015560,Controlled,USA List Prices 
BMC Helix AI Service Management OnPrem - Standard - Concurrent User,OPS,ITSM,ITSM On Prem,per concurrent user ,791.12,PRP-00015557,Generally Available,USA List Prices 
BMC Helix AI Service Management OnPrem - Standard - Concurrent User,Perpetual,ITSM,ITSM On Prem,per concurrent user ,22338,PRP-00015558,Controlled,USA List Prices 
BMC Helix AI Service Management OnPrem - Standard - Named User,OPS,ITSM,ITSM On Prem,per named user ,263.71,PRP-00015561,Generally Available,USA List Prices 
BMC Helix AI Service Management OnPrem - Standard - Named User,Perpetual,ITSM,ITSM On Prem,per named user ,7446,PRP-00015562,Controlled,USA List Prices 
BMC Helix AIOps - 1M Spans per month with 30 days-retention,SaaS,ITOM,ITOM SaaS,Each ,7.72,PRP-00015113,Controlled,USA List Prices 
BMC Helix AIOps - 1M Spans per month with 7 days-retention,SaaS,ITOM,ITOM SaaS,Each ,3.43,PRP-00015114,Controlled,USA List Prices 
BMC Helix AIOps - Advanced,SaaS,ITOM,ITOM SaaS,per resource unit - SaaS ,156.65,PRP-00011246,Generally Available,USA List Prices 
BMC Helix AIOps - Standard,SaaS,ITOM,ITOM SaaS,per resource unit - SaaS ,107.21,PRP-00011247,Generally Available,USA List Prices 
BMC Helix AIOps (German Regulated Cloud) - Advanced,SaaS,ITOM,ITOM SaaS,per resource unit - SaaS ,187.99,PRP-00015073,Generally Available,USA List Prices 
BMC Helix AIOps (German Regulated Cloud) - Standard,SaaS,ITOM,ITOM SaaS,per resource unit - SaaS ,128.65,PRP-00015074,Generally Available,USA List Prices 
BMC Helix AIOps MSP - Enterprise Package,SaaS,ITOM,ITOM SaaS,per resource unit - SaaS ,8,PRP-00015573,Controlled,USA List Prices 
BMC Helix AIOps OnPrem - Advanced,OPS,ITOM,ITOM On Prem,per resource unit ,131.99,PRP-00011248,Generally Available,USA List Prices 
BMC Helix AIOps OnPrem - Advanced,Perpetual,ITOM,ITOM On Prem,per resource unit ,3960,PRP-00011249,Controlled,USA List Prices 
BMC Helix AIOps OnPrem - Standard,OPS,ITOM,ITOM On Prem,per resource unit ,82.57,PRP-00011250,Generally Available,USA List Prices 
BMC Helix AIOps OnPrem - Standard,Perpetual,ITOM,ITOM On Prem,per resource unit ,2477,PRP-00011251,Controlled,USA List Prices 
BMC Helix Automation Console for Devices,SaaS,Other DSOM,Other SaaS,per asset - average device endpoint - SaaS ,4.69,PRP-00000998,Generally Available,USA List Prices 
BMC Helix Automation Console for Devices (FedRAMP),SaaS,Other DSOM,Other SaaS,per asset - average device endpoint - SaaS ,6.75,PRP-00000997,Generally Available,USA List Prices 
BMC Helix Automation Console for Servers,SaaS,Other DSOM,Other SaaS,per asset - average server endpoint - SaaS ,16.74,PRP-00000996,Generally Available,USA List Prices 
BMC Helix Automation Console for Servers (FedRAMP),SaaS,Other DSOM,Other SaaS,per asset - average server endpoint - SaaS ,24.13,PRP-00000999,Generally Available,USA List Prices 
BMC Helix Business Workflows - Active User (100 Users),SaaS,ITSM,ITSM SaaS,per active user - SaaS ,1004.25,PRP-00004303,Transition,USA List Prices 
BMC Helix Business Workflows - Additional Line of Business - Active User (100 Users),SaaS,ITSM,ITSM SaaS,per active user - SaaS ,334.75,PRP-00000135,Transition,USA List Prices 
BMC Helix Business Workflows - Additional Line of Business - Named User (100 Users),SaaS,ITSM,ITSM SaaS,per named user - SaaS ,167.38,PRP-00004133,Transition,USA List Prices 
BMC Helix Business Workflows - Named User (100 Users),SaaS,ITSM,ITSM SaaS,per named user - SaaS ,602.55,PRP-00000975,Transition,USA List Prices 
BMC Helix Business Workflows (German Regulated Cloud) - Active User (100 Users),SaaS,ITSM,ITSM SaaS,per active user - SaaS ,1205.09,PRP-00004312,Generally Available,USA List Prices 
BMC Helix Business Workflows (German Regulated Cloud) - Additional Line of Business - Active User (100 Users),SaaS,ITSM,ITSM SaaS,per active user - SaaS ,401.67,PRP-00000130,Generally Available,USA List Prices 
BMC Helix Business Workflows (German Regulated Cloud) - Additional Line of Business - Named User (100 Users),SaaS,ITSM,ITSM SaaS,per named user - SaaS ,289.22,PRP-00004129,Generally Available,USA List Prices 
BMC Helix Business Workflows (German Regulated Cloud) - Named User (100 Users),SaaS,ITSM,ITSM SaaS,per named user - SaaS ,723.05,PRP-00000979,Generally Available,USA List Prices 
BMC Helix Business Workflows on AWS - Active User (100 Users),SaaS,ITSM,ITSM SaaS,per active user - SaaS ,1004.25,PRP-00004301,Transition,USA List Prices 
BMC Helix Business Workflows on AWS - Additional Line of Business - Active User (100 Users),SaaS,ITSM,ITSM SaaS,per active user - SaaS ,334.75,PRP-00000131,Transition,USA List Prices 
BMC Helix Business Workflows on AWS - Named User (100 Users),SaaS,ITSM,ITSM SaaS,per named user - SaaS ,602.55,PRP-00000974,Transition,USA List Prices 
BMC Helix Business Workflows on AWS (DoD Impact Level 4) - Active User (100 Users),SaaS,ITSM,ITSM SaaS,per active user - SaaS ,1446.12,PRP-00004307,Generally Available,USA List Prices 
BMC Helix Business Workflows on AWS (DoD Impact Level 4) - Additional Line of Business - Active User (100 Users),SaaS,ITSM,ITSM SaaS,per active user - SaaS ,482.04,PRP-00000136,Generally Available,USA List Prices 
BMC Helix Business Workflows on AWS (DoD Impact Level 4) - Additional Line of Business - Named User (100 Users),SaaS,ITSM,ITSM SaaS,per named user - SaaS ,241.02,PRP-00004126,Generally Available,USA List Prices 
BMC Helix Business Workflows on AWS (DoD Impact Level 4) - Named User (100 Users),SaaS,ITSM,ITSM SaaS,per named user - SaaS ,867.68,PRP-00000983,Generally Available,USA List Prices 
BMC Helix Business Workflows on AWS (DoD Impact Level 5) - Active User (100 Users),SaaS,ITSM,ITSM SaaS,per active user - SaaS ,1735.35,PRP-00004305,Generally Available,USA List Prices 
BMC Helix Business Workflows on AWS (DoD Impact Level 5) - Additional Line of Business - Active User (100 Users),SaaS,ITSM,ITSM SaaS,per active user - SaaS ,578.44,PRP-00000137,Generally Available,USA List Prices 
BMC Helix Business Workflows on AWS (DoD Impact Level 5) - Additional Line of Business - Named User (100 Users),SaaS,ITSM,ITSM SaaS,per named user - SaaS ,288.06,PRP-00004127,Generally Available,USA List Prices 
BMC Helix Business Workflows on AWS (DoD Impact Level 5) - Named User (100 Users),SaaS,ITSM,ITSM SaaS,per named user - SaaS ,1041.21,PRP-00000976,Generally Available,USA List Prices 
BMC Helix Business Workflows on AWS (FedRAMP) - Active User (100 Users),SaaS,ITSM,ITSM SaaS,per active user - SaaS ,1205.1,PRP-00004310,Generally Available,USA List Prices 
BMC Helix Business Workflows on AWS (FedRAMP) - Additional Line of Business - Named User (100 Users),SaaS,ITSM,ITSM SaaS,per named user - SaaS ,200.85,PRP-00004128,Generally Available,USA List Prices 
BMC Helix Business Workflows on AWS (FedRAMP) - Named User (100 Users),SaaS,ITSM,ITSM SaaS,per named user - SaaS ,723.06,PRP-00000978,Generally Available,USA List Prices 
BMC Helix Business Workflows on AWS(FedRAMP) - Additional Line of Business - Active User(100 Users),SaaS,ITSM,ITSM SaaS,per active user - SaaS ,401.7,PRP-00000139,Generally Available,USA List Prices 
BMC Helix Business Workflows OnPrem - Active User (100 Users),OPS,ITSM,ITSM On Prem,per active user ,492.28,PRP-00006984,Withdrawn,USA List Prices 
BMC Helix Business Workflows OnPrem - Active User (100 Users),Perpetual,ITSM,ITSM On Prem,per active user ,13127,PRP-00006985,Withdrawn,USA List Prices 
BMC Helix Business Workflows OnPrem - Additional Line of Business - Active User (100 Users),OPS,ITSM,ITSM On Prem,per active user ,164.08,PRP-00006851,Withdrawn,USA List Prices 
BMC Helix Business Workflows OnPrem - Additional Line of Business - Active User (100 Users),Perpetual,ITSM,ITSM On Prem,per active user ,4375,PRP-00006853,Withdrawn,USA List Prices 
BMC Helix Business Workflows OnPrem - Additional Line of Business - Named Users (100 Users),OPS,ITSM,ITSM On Prem,per named user ,82.7,PRP-00006836,Withdrawn,USA List Prices 
BMC Helix Business Workflows OnPrem - Additional Line of Business - Named Users (100 Users),Perpetual,ITSM,ITSM On Prem,per named user ,2205,PRP-00006837,Withdrawn,USA List Prices 
BMC Helix Business Workflows OnPrem - Named User (100 Users),OPS,ITSM,ITSM On Prem,per named user ,295.37,PRP-00006937,Withdrawn,USA List Prices 
BMC Helix Business Workflows OnPrem - Named User (100 Users),Perpetual,ITSM,ITSM On Prem,per named user ,7876,PRP-00006939,Withdrawn,USA List Prices 
BMC Helix Client Management,SaaS,ITOM,ITOM SaaS,per node - SaaS ,0,PRP-00006179,Generally Available,USA List Prices 
BMC Helix Client Management (Public Sector),SaaS,ITOM,ITOM SaaS,per node - SaaS ,0,PRP-00006175,Transition,USA List Prices 
BMC Helix Client Management Nodes,SaaS,ITOM,ITOM SaaS,per node - SaaS ,4.4,PRP-00000540,Generally Available,USA List Prices 
BMC Helix Client Management Nodes (Public Sector),SaaS,ITOM,ITOM SaaS,per node - SaaS ,5.3,PRP-00000329,Transition,USA List Prices 
BMC Helix Cloud Migration,SaaS,ITSM,ITSM SaaS,Each ,8333.33,PRP-00013389,Generally Available,USA List Prices 
BMC Helix Cloud Operations Suite,SaaS,CVT,Cloud Security,per asset - SaaS ,15.96,PRP-00002148,Transition,USA List Prices 
BMC Helix Cognitive Automation - 1000 API Calls,SaaS,ITSM,ITSM SaaS,per API call - SaaS ,482.04,PRP-00003971,Transition,USA List Prices 
BMC Helix Cognitive Automation on AWS - 1000 API Calls,SaaS,ITSM,ITSM SaaS,per API call - SaaS ,482.04,PRP-00003965,Transition,USA List Prices 
BMC Helix Cognitive Search - Up to 1M Documents,SaaS,ITSM,ITSM SaaS,per document - SaaS ,8034.01,PRP-00000564,Transition,USA List Prices 
BMC Helix Continuous Optimization - Resource Unit,SaaS,ITOM,ITOM SaaS,per resource unit - SaaS ,64.65,PRP-00007267,Generally Available,USA List Prices 
BMC Helix Continuous Optimization - Resource Unit (DoD Impact Level 4),SaaS,ITOM,ITOM SaaS,per resource unit - SaaS ,111.82,PRP-00011048,Generally Available,USA List Prices 
BMC Helix Continuous Optimization - Resource Unit (DoD Impact Level 5),SaaS,ITOM,ITOM SaaS,per resource unit - SaaS ,134.2,PRP-00010800,Generally Available,USA List Prices 
BMC Helix Continuous Optimization - Resource Unit (FedRAMP),SaaS,ITOM,ITOM SaaS,per resource unit - SaaS ,93.17,PRP-00007266,Generally Available,USA List Prices 
BMC Helix Continuous Optimization for Networks Plus,SaaS,ITOM,ITOM SaaS,per asset - average device endpoint - SaaS ,7.6,PRP-00001473,Transition,USA List Prices 
BMC Helix Continuous Optimization for Networks Plus (DoD Impact Level 4),SaaS,ITOM,ITOM SaaS,per asset - average device endpoint - SaaS ,13.14,PRP-00011049,Transition,USA List Prices 
BMC Helix Continuous Optimization for Networks Plus (DoD Impact Level 5),SaaS,ITOM,ITOM SaaS,per asset - average device endpoint - SaaS ,15.83,PRP-00010801,Transition,USA List Prices 
BMC Helix Continuous Optimization for Networks Plus (FedRAMP),SaaS,ITOM,ITOM SaaS,per asset - average device endpoint - SaaS ,10.98,PRP-00001472,Transition,USA List Prices 
BMC Helix Continuous Optimization for Networks Plus on AWS,SaaS,ITOM,ITOM SaaS,per asset - average device endpoint - SaaS ,7.6,PRP-00001471,Transition,USA List Prices 
BMC Helix Continuous Optimization for Serverless Assets Plus (250 Pack),SaaS,ITOM,ITOM SaaS,per asset - average Serverless Asset - SaaS ,697.41,PRP-00003941,Transition,USA List Prices 
BMC Helix Continuous Optimization for Serverless Assets Plus (250-Pack) (DoD Impact Level 4),SaaS,ITOM,ITOM SaaS,per asset - average Serverless Asset - SaaS ,1205.08,PRP-00011050,Transition,USA List Prices 
BMC Helix Continuous Optimization for Serverless Assets Plus (250-Pack) (DoD Impact Level 5),SaaS,ITOM,ITOM SaaS,per asset - average Serverless Asset - SaaS ,1446.11,PRP-00010802,Transition,USA List Prices 
BMC Helix Continuous Optimization for Serverless Assets Plus (250-Pack) (FedRAMP),SaaS,ITOM,ITOM SaaS,per asset - average Serverless Asset - SaaS ,1004.23,PRP-00003940,Transition,USA List Prices 
BMC Helix Continuous Optimization for Serverless Assets Plus on AWS (250 Pack),SaaS,ITOM,ITOM SaaS,per asset - average Serverless Asset - SaaS ,697.41,PRP-00003939,Transition,USA List Prices 
BMC Helix Continuous Optimization for Servers Plus,SaaS,ITOM,ITOM SaaS,per asset - average server endpoint - SaaS ,64.67,PRP-00004609,Transition,USA List Prices 
BMC Helix Continuous Optimization for Servers Plus (DoD Impact Level 4),SaaS,ITOM,ITOM SaaS,per asset - average server endpoint - SaaS ,111.82,PRP-00011051,Transition,USA List Prices 
BMC Helix Continuous Optimization for Servers Plus (DoD Impact Level 5),SaaS,ITOM,ITOM SaaS,per asset - average server endpoint - SaaS ,134.2,PRP-00010803,Transition,USA List Prices 
BMC Helix Continuous Optimization for Servers Plus (FedRAMP),SaaS,ITOM,ITOM SaaS,per asset - average server endpoint - SaaS ,93.17,PRP-00004611,Transition,USA List Prices 
BMC Helix Continuous Optimization for Servers Plus on AWS,SaaS,ITOM,ITOM SaaS,per asset - average server endpoint - SaaS ,64.67,PRP-00004607,Transition,USA List Prices 
BMC Helix Continuous Optimization for Storage Plus,SaaS,ITOM,ITOM SaaS,per asset - average port - SaaS ,38.04,PRP-00000687,Transition,USA List Prices 
BMC Helix Continuous Optimization for Storage Plus (DoD Impact Level 4),SaaS,ITOM,ITOM SaaS,per asset - average port - SaaS ,65.79,PRP-00011052,Transition,USA List Prices 
BMC Helix Continuous Optimization for Storage Plus (DoD Impact Level 5),SaaS,ITOM,ITOM SaaS,per asset - average port - SaaS ,78.93,PRP-00010804,Transition,USA List Prices 
BMC Helix Continuous Optimization for Storage Plus (FedRAMP),SaaS,ITOM,ITOM SaaS,per asset - average port - SaaS ,54.82,PRP-00000689,Transition,USA List Prices 
BMC Helix Continuous Optimization for Storage Plus on AWS,SaaS,ITOM,ITOM SaaS,per asset - average port - SaaS ,38.04,PRP-00000688,Transition,USA List Prices 
BMC Helix Continuous Optimization OnPrem - Resource Unit,OPS,ITOM,ITOM On Prem,per resource unit ,52.26,PRP-00007271,Generally Available,USA List Prices 
BMC Helix Continuous Optimization OnPrem - Resource Unit,Perpetual,ITOM,ITOM On Prem,per resource unit ,1568,PRP-00007272,Generally Available,USA List Prices 
BMC Helix Continuous Optimization OnPrem for Networks Plus,OPS,ITOM,ITOM On Prem,per managed asset - average Device Endpoint ,6.13,PRP-00007163,Transition,USA List Prices 
BMC Helix Continuous Optimization OnPrem for Networks Plus,Perpetual,ITOM,ITOM On Prem,per managed asset - average Device Endpoint ,184,PRP-00007164,Transition,USA List Prices 
BMC Helix Continuous Optimization OnPrem for Serverless Assets Plus (250-Pack),OPS,ITOM,ITOM On Prem,per managed asset - average Serverless Asset ,541.76,PRP-00007169,Transition,USA List Prices 
BMC Helix Continuous Optimization OnPrem for Serverless Assets Plus (250-Pack),Perpetual,ITOM,ITOM On Prem,per managed asset - average Serverless Asset ,16253,PRP-00007170,Transition,USA List Prices 
BMC Helix Continuous Optimization OnPrem for Servers Plus,OPS,ITOM,ITOM On Prem,per managed asset - average Server Endpoint ,52.26,PRP-00007167,Transition,USA List Prices 
BMC Helix Continuous Optimization OnPrem for Servers Plus,Perpetual,ITOM,ITOM On Prem,per managed asset - average Server Endpoint ,1568,PRP-00007168,Transition,USA List Prices 
BMC Helix Continuous Optimization OnPrem for Storage Plus,OPS,ITOM,ITOM On Prem,per managed asset - average Port ,30.76,PRP-00007165,Transition,USA List Prices 
BMC Helix Continuous Optimization OnPrem for Storage Plus,Perpetual,ITOM,ITOM On Prem,per managed asset - average Port ,923,PRP-00007166,Transition,USA List Prices 
BMC Helix Custom Applications - Concurrent User,Platform,ITSM,ITSM SaaS,per concurrent user - SaaS ,283.55,PRP-00000472,Generally Available,USA List Prices 
BMC Helix Custom Applications - Reporting User,Platform,ITSM,ITSM SaaS,per named user - SaaS ,8.04,PRP-00002401,Transition,USA List Prices 
BMC Helix Custom Applications - User,Platform,ITSM,ITSM SaaS,per named user - SaaS ,128.73,PRP-00000482,Generally Available,USA List Prices 
BMC Helix Custom Applications (German Regulated Cloud) - Concurrent User,SaaS,ITSM,ITSM SaaS,per concurrent user - SaaS ,340.27,PRP-00000474,Generally Available,USA List Prices 
BMC Helix Custom Applications (German Regulated Cloud) - User,SaaS,ITSM,ITSM SaaS,per named user - SaaS ,113.42,PRP-00000473,Generally Available,USA List Prices 
BMC Helix Custom Applications on AWS - Concurrent User,Platform,ITSM,ITSM SaaS,per concurrent user - SaaS ,283.55,PRP-00000468,Transition,USA List Prices 
BMC Helix Custom Applications on AWS - Reporting User,Platform,ITSM,ITSM SaaS,per named user - SaaS ,8.04,PRP-00002402,Transition,USA List Prices 
BMC Helix Custom Applications on AWS - User,Platform,ITSM,ITSM SaaS,per named user - SaaS ,128.55,PRP-00000481,Transition,USA List Prices 
BMC Helix Custom Applications on AWS (DoD Impact Level 4) - Concurrent User,Platform,ITSM,ITSM SaaS,per concurrent user - SaaS ,486.58,PRP-00000469,Generally Available,USA List Prices 
BMC Helix Custom Applications on AWS (DoD Impact Level 4) - Reporting User,Platform,ITSM,ITSM SaaS,per named user - SaaS ,11.56,PRP-00000477,Transition,USA List Prices 
BMC Helix Custom Applications on AWS (DoD Impact Level 4) - User,Platform,ITSM,ITSM SaaS,per named user - SaaS ,162.19,PRP-00000478,Generally Available,USA List Prices 
BMC Helix Custom Applications on AWS (DoD Impact Level 5) - Concurrent User,SaaS,ITSM,ITSM SaaS,per concurrent user - SaaS ,583.89,PRP-00000479,Generally Available,USA List Prices 
BMC Helix Custom Applications on AWS (DoD Impact Level 5) - User,SaaS,ITSM,ITSM SaaS,per named user - SaaS ,194.63,PRP-00000480,Generally Available,USA List Prices 
BMC Helix Custom Applications on AWS (FedRAMP) - Concurrent User,Platform,ITSM,ITSM SaaS,per concurrent user - SaaS ,405.48,PRP-00000470,Generally Available,USA List Prices 
BMC Helix Custom Applications on AWS (FedRAMP) - Reporting User,Platform,ITSM,ITSM SaaS,per named user - SaaS ,9.64,PRP-00000476,Transition,USA List Prices 
BMC Helix Custom Applications on AWS (FedRAMP) - User,Platform,ITSM,ITSM SaaS,per named user - SaaS ,135.16,PRP-00000475,Generally Available,USA List Prices 
BMC Helix Custom Applications OnPrem - Concurrent User License,OPS,ITSM,ITSM On Prem,per concurrent user ,177.5,PRP-00003109,Generally Available,USA List Prices 
BMC Helix Custom Applications OnPrem - Concurrent User License,Perpetual,ITSM,ITSM On Prem,per concurrent user ,5325,PRP-00003110,Generally Available,USA List Prices 
BMC Helix Custom Applications OnPrem - User License,OPS,ITSM,ITSM On Prem,per named user ,59,PRP-00003115,Generally Available,USA List Prices 
BMC Helix Custom Applications OnPrem - User License,Perpetual,ITSM,ITSM On Prem,per named user ,1770,PRP-00003116,Generally Available,USA List Prices 
BMC Helix Customer Service Management - Advanced - Concurrent User - MarketZone,SaaS,ITSM,ITSM SaaS,per concurrent user - SaaS ,966.36,PRP-00013947,Generally Available,USA List Prices 
BMC Helix Customer Service Management - Advanced - Named User - MarketZone,SaaS,ITSM,ITSM SaaS,per named user - SaaS ,322.06,PRP-00013948,Generally Available,USA List Prices 
BMC Helix Customer Service Management - Advanced (DoD Impact Level 4) - Concurrent User - MarketZone,SaaS,ITSM,ITSM SaaS,per concurrent user - SaaS ,1623.51,PRP-00015281,Controlled,USA List Prices 
BMC Helix Customer Service Management - Advanced (DoD Impact Level 4) - Named User - MarketZone,SaaS,ITSM,ITSM SaaS,per named user - SaaS ,541.07,PRP-00015282,Controlled,USA List Prices 
BMC Helix Customer Service Management - Advanced (DoD Impact Level 5) - Concurrent User - MarketZone,SaaS,ITSM,ITSM SaaS,per concurrent user - SaaS ,1948.17,PRP-00015283,Controlled,USA List Prices 
BMC Helix Customer Service Management - Advanced (DoD Impact Level 5) - Named User - MarketZone,SaaS,ITSM,ITSM SaaS,per named user - SaaS ,649.32,PRP-00015284,Controlled,USA List Prices 
BMC Helix Customer Service Management - Advanced (FedRAMP) - Concurrent User - MarketZone,SaaS,ITSM,ITSM SaaS,per concurrent user - SaaS ,1352.93,PRP-00015285,Generally Available,USA List Prices 
BMC Helix Customer Service Management - Advanced (FedRAMP) - Named User - MarketZone,SaaS,ITSM,ITSM SaaS,per named user - SaaS ,450.87,PRP-00015286,Generally Available,USA List Prices 
BMC Helix Customer Service Management - Concurrent User - MarketZone,SaaS,ITSM,ITSM SaaS,per concurrent user - SaaS ,743.14,PRP-00004871,Generally Available,USA List Prices 
BMC Helix Customer Service Management - Named User - MarketZone,SaaS,ITSM,ITSM SaaS,per named user - SaaS ,247.73,PRP-00004870,Generally Available,USA List Prices 
BMC Helix Customer Service Management OnPrem - Advanced - Concurrent User - MarketZone,OPS,ITSM,ITSM On Prem,per concurrent user ,966.36,PRP-00013949,Controlled,USA List Prices 
BMC Helix Customer Service Management OnPrem - Advanced - Concurrent User - MarketZone,Perpetual,ITSM,ITSM On Prem,per concurrent user ,28991,PRP-00013950,Controlled,USA List Prices 
BMC Helix Customer Service Management OnPrem - Advanced - Named User - MarketZone,OPS,ITSM,ITSM On Prem,per named user ,322.06,PRP-00013951,Controlled,USA List Prices 
BMC Helix Customer Service Management OnPrem - Advanced - Named User - MarketZone,Perpetual,ITSM,ITSM On Prem,per named user ,9662,PRP-00013952,Controlled,USA List Prices 
BMC Helix Customer Service Management OnPrem - Concurrent User - MarketZone,OPS,ITSM,ITSM On Prem,per concurrent user ,743.14,PRP-00007316,Controlled,USA List Prices 
BMC Helix Customer Service Management OnPrem - Concurrent User - MarketZone,Perpetual,ITSM,ITSM On Prem,per concurrent user ,22294,PRP-00007317,Controlled,USA List Prices 
BMC Helix Customer Service Management OnPrem - Named User - MarketZone,OPS,ITSM,ITSM On Prem,per named user ,247.73,PRP-00007318,Controlled,USA List Prices 
BMC Helix Customer Service Management OnPrem - Named User - MarketZone,Perpetual,ITSM,ITSM On Prem,per named user ,7432,PRP-00007319,Controlled,USA List Prices 
BMC Helix Data Connector - 1TB,SaaS,ITSM,ITSM SaaS,Each ,934.5,PRP-00013957,Generally Available,USA List Prices 
BMC Helix Digital Workplace Advanced - Active User (100 Users),SaaS,ITSM,ITSM SaaS,per active user - SaaS ,1124.76,PRP-00000833,Generally Available,USA List Prices 
BMC Helix Digital Workplace Advanced - Active User MSP (100 Users),SaaS,ITSM,ITSM SaaS,per active user - SaaS ,104.88,PRP-00015018,Controlled,USA List Prices 
BMC Helix Digital Workplace Advanced - Guest User (1000 Users),SaaS,ITSM,ITSM SaaS,per visit - SaaS ,147.32,PRP-00014404,Generally Available,USA List Prices 
BMC Helix Digital Workplace Advanced - Named User (100 Users),SaaS,ITSM,ITSM SaaS,per named user - SaaS ,642.72,PRP-00003216,Transition,USA List Prices 
BMC Helix Digital Workplace Advanced - on AWS (FedRAMP) - Named User (100 users),SaaS,ITSM,ITSM SaaS,per named user - SaaS ,925.51,PRP-00015025,Generally Available,USA List Prices 
BMC Helix Digital Workplace Advanced - on AWS (FedRAMP) - Self-Registered User (100 Users),SaaS,ITSM,ITSM SaaS,per Self-Registered User - SaaS ,214.24,PRP-00015026,Generally Available,USA List Prices 
BMC Helix Digital Workplace Advanced - Self-Registered User (100 Users),SaaS,ITSM,ITSM SaaS,per Self-Registered User - SaaS ,147.29,PRP-00003219,Generally Available,USA List Prices 
BMC Helix Digital Workplace Advanced (German Regulated Cloud) - Active User (100 Users),SaaS,ITSM,ITSM SaaS,per active user - SaaS ,1349.7,PRP-00000835,Generally Available,USA List Prices 
BMC Helix Digital Workplace Advanced (German Regulated Cloud) - Named User (100 Users),SaaS,ITSM,ITSM SaaS,per named user - SaaS ,771.26,PRP-00003214,Generally Available,USA List Prices 
BMC Helix Digital Workplace Advanced (German Regulated Cloud) - Self-Registered User (100 Users),SaaS,ITSM,ITSM SaaS,per Self-Registered User - SaaS ,176.77,PRP-00003217,Generally Available,USA List Prices 
BMC Helix Digital Workplace Advanced (Public Sector) - Active User (100 Users),SaaS,ITSM,ITSM SaaS,per active user - SaaS ,1203.76,PRP-00003131,Transition,USA List Prices 
BMC Helix Digital Workplace Advanced (Public Sector) - Named User (100 Users),SaaS,ITSM,ITSM SaaS,per named user - SaaS ,756.28,PRP-00000632,Transition,USA List Prices 
BMC Helix Digital Workplace Advanced (Public Sector) - Self-Registered User (100 Users),SaaS,ITSM,ITSM SaaS,per Self-Registered User - SaaS ,176.75,PRP-00000636,Transition,USA List Prices 
BMC Helix Digital Workplace Advanced on AWS - Active User (100 users),SaaS,ITSM,ITSM SaaS,per active user - SaaS ,1124.76,PRP-00000838,Transition,USA List Prices 
BMC Helix Digital Workplace Advanced on AWS - Named User (100 users),SaaS,ITSM,ITSM SaaS,per named user - SaaS ,642.72,PRP-00003215,Transition,USA List Prices 
BMC Helix Digital Workplace Advanced on AWS (DoD Impact Level 4) - Active User (100 users),SaaS,ITSM,ITSM SaaS,per active user - SaaS ,1950.67,PRP-00003129,Generally Available,USA List Prices 
BMC Helix Digital Workplace Advanced on AWS (DoD Impact Level 4) - Active Users (100 Users) - per ticket - SaaS,SaaS,ITSM,ITSM SaaS,per ticket - SaaS ,1950.65,PRP-00011263,Controlled,USA List Prices 
BMC Helix Digital Workplace Advanced on AWS (DoD Impact Level 4) - Guest User (1000 Users),SaaS,ITSM,ITSM SaaS,per visit - SaaS ,257.09,PRP-00014405,Generally Available,USA List Prices 
BMC Helix Digital Workplace Advanced on AWS (DoD Impact Level 4) - Named User (100 users),SaaS,ITSM,ITSM SaaS,per named user - SaaS ,1110.62,PRP-00015023,Generally Available,USA List Prices 
BMC Helix Digital Workplace Advanced on AWS (DoD Impact Level 4) - Self-Registered User (100 Users),SaaS,ITSM,ITSM SaaS,per Self-Registered User - SaaS ,257.08,PRP-00015024,Generally Available,USA List Prices 
BMC Helix Digital Workplace Advanced on AWS (DoD Impact Level 5) - Active User (100 users),SaaS,ITSM,ITSM SaaS,per active user - SaaS ,2340.8,PRP-00000836,Generally Available,USA List Prices 
BMC Helix Digital Workplace Advanced on AWS (DoD Impact Level 5) - Active Users (100 Users) - per ticket - SaaS,SaaS,ITSM,ITSM SaaS,per ticket - SaaS ,2340.77,PRP-00011264,Controlled,USA List Prices 
BMC Helix Digital Workplace Advanced on AWS (DoD Impact Level 5) - Guest User (1000 Users),SaaS,ITSM,ITSM SaaS,per visit - SaaS ,308.49,PRP-00014406,Generally Available,USA List Prices 
BMC Helix Digital Workplace Advanced on AWS (DoD Impact Level 5) - Named User (100 users),SaaS,ITSM,ITSM SaaS,per named user - SaaS ,1332.74,PRP-00003206,Generally Available,USA List Prices 
BMC Helix Digital Workplace Advanced on AWS (DoD Impact Level 5) - Self-Registered User (100 Users),SaaS,ITSM,ITSM SaaS,per Self-Registered User - SaaS ,308.51,PRP-00003204,Generally Available,USA List Prices 
BMC Helix Digital Workplace Advanced on AWS (FedRAMP) - Active User (100 users),SaaS,ITSM,ITSM SaaS,per active user - SaaS ,1625.54,PRP-00003130,Generally Available,USA List Prices 
BMC Helix Digital Workplace Advanced on AWS (FedRAMP) - Guest User (1000 Users),SaaS,ITSM,ITSM SaaS,per visit - SaaS ,214.25,PRP-00014407,Generally Available,USA List Prices 
BMC Helix Digital Workplace Advanced on AWS (FedRAMP) - Named User (100 users),SaaS,ITSM,ITSM SaaS,per named user - SaaS ,925.51,PRP-00000633,Generally Available,USA List Prices 
BMC Helix Digital Workplace Advanced on AWS (FedRAMP) - Self-Registered User (100 Users),SaaS,ITSM,ITSM SaaS,per Self-Registered User - SaaS ,214.24,PRP-00000637,Generally Available,USA List Prices 
BMC Helix Digital Workplace Advanced on AWS Cloud (FedRAMP)  - Active User,SaaS,ITSM,ITSM SaaS,per active user - SaaS ,16.25,PRP-00003127,Transition,USA List Prices 
BMC Helix Digital Workplace Advanced on Azure - Active User (100 users),SaaS,ITSM,ITSM SaaS,per active user - SaaS ,1124.76,PRP-00000834,Transition,USA List Prices 
BMC Helix Digital Workplace Advanced on Azure - Named User (100 users),SaaS,ITSM,ITSM SaaS,per named user - SaaS ,642.72,PRP-00003205,Transition,USA List Prices 
BMC Helix Digital Workplace Advanced on BMC Cloud (Public Sector) - Named User,SaaS,ITSM,ITSM SaaS,per named user - SaaS ,9.45,PRP-00000631,Transition,USA List Prices 
BMC Helix Digital Workplace Advanced OnPrem - Active User (100 Users),OPS,ITSM,ITSM On Prem,per active user ,591.61,PRP-00001669,Generally Available,USA List Prices 
BMC Helix Digital Workplace Advanced OnPrem - Active User (100 Users),Perpetual,ITSM,ITSM On Prem,per active user ,17748,PRP-00001670,Generally Available,USA List Prices 
BMC Helix Digital Workplace Advanced OnPrem - Active User MSP (100 Users),OPS,ITSM,ITSM On Prem,per active user ,104.88,PRP-00015012,Controlled,USA List Prices 
BMC Helix Digital Workplace Advanced OnPrem - Guest User (1000 Users),OPS,ITSM,ITSM On Prem,per visit ,72.4,PRP-00014408,Generally Available,USA List Prices 
BMC Helix Digital Workplace Advanced OnPrem - Named User (100 Users),OPS,ITSM,ITSM On Prem,per named user ,321.85,PRP-00004224,Transition,USA List Prices 
BMC Helix Digital Workplace Advanced OnPrem - Named User (100 Users),Perpetual,ITSM,ITSM On Prem,per named user ,9655,PRP-00004225,Transition,USA List Prices 
BMC Helix Digital Workplace Advanced OnPrem - Self-Registered User (100 Users),OPS,ITSM,ITSM On Prem,per Self-Registered User ,72.4,PRP-00004222,Generally Available,USA List Prices 
BMC Helix Digital Workplace Advanced OnPrem - Self-Registered User (100 Users),Perpetual,ITSM,ITSM On Prem,per Self-Registered User ,2172,PRP-00004223,Generally Available,USA List Prices 
BMC Helix Digital Workplace Basic - Additional Capacity - Named User (100 Users),SaaS,ITSM,ITSM SaaS,per named user - SaaS ,147.29,PRP-00006374,Transition,USA List Prices 
BMC Helix Digital Workplace Basic (German Regulated Cloud) - Additional Capacity - Named User (100 Users),SaaS,ITSM,ITSM SaaS,per named user - SaaS ,176.77,PRP-00006370,Generally Available,USA List Prices 
BMC Helix Digital Workplace Basic (Public Sector) - Additional Capacity - Named User (100 Users),SaaS,ITSM,ITSM SaaS,per named user - SaaS ,176.75,PRP-00005966,Transition,USA List Prices 
BMC Helix Digital Workplace Basic on AWS (DoD Impact Level 4) - Additional Capacity - Named User (100 users),SaaS,ITSM,ITSM SaaS,per named user - SaaS ,257.09,PRP-00005970,Generally Available,USA List Prices 
BMC Helix Digital Workplace Basic on AWS (DoD Impact Level 5) - Additional Capacity - Named User (100 users),SaaS,ITSM,ITSM SaaS,per named user - SaaS ,308.51,PRP-00006377,Generally Available,USA List Prices 
BMC Helix Digital Workplace Basic on AWS (FedRAMP) - Additional Capacity - Named User (100 users),SaaS,ITSM,ITSM SaaS,per named user - SaaS ,214.24,PRP-00005972,Generally Available,USA List Prices 
BMC Helix Digital Workplace Basic OnPrem (100 Users),OPS,ITSM,ITSM On Prem,per named user ,75.3,PRP-00005723,Withdrawn,USA List Prices 
BMC Helix Digital Workplace Basic OnPrem (100 Users),Perpetual,ITSM,ITSM On Prem,per named user ,2259,PRP-00005725,Withdrawn,USA List Prices 
BMC Helix Disaster Recovery on BMC Cloud (Public Sector),SaaS,ITSM,ITSM SaaS,Each ,30.79,PRP-00001680,Transition,USA List Prices 
BMC Helix Discovery,SaaS,ITOM,ITOM SaaS,per asset - SaaS ,22.09,PRP-00002255,Transition,USA List Prices 
BMC Helix Discovery - Dynamic Service Modeling Add-on,SaaS,ITOM,ITOM SaaS,per asset - SaaS ,5.53,PRP-00006861,Withdrawn,USA List Prices 
BMC Helix Discovery - Resource Unit,SaaS,ITOM,ITOM SaaS,per resource unit - SaaS ,22.11,PRP-00002257,Generally Available,USA List Prices 
BMC Helix Discovery - Resource Unit (DoD Impact Level 4),SaaS,ITOM,ITOM SaaS,per resource unit - SaaS ,38.12,PRP-00011053,Generally Available,USA List Prices 
BMC Helix Discovery - Resource Unit (DoD Impact Level 5),SaaS,ITOM,ITOM SaaS,per resource unit - SaaS ,45.75,PRP-00010805,Generally Available,USA List Prices 
BMC Helix Discovery - Resource Unit (FedRAMP),SaaS,ITOM,ITOM SaaS,per resource unit - SaaS ,31.78,PRP-00002258,Generally Available,USA List Prices 
BMC Helix Discovery (DoD Impact Level 4),SaaS,ITOM,ITOM SaaS,per asset - SaaS ,38.12,PRP-00011054,Transition,USA List Prices 
BMC Helix Discovery (DoD Impact Level 5),SaaS,ITOM,ITOM SaaS,per asset - SaaS ,45.75,PRP-00010806,Transition,USA List Prices 
BMC Helix Discovery (FedRAMP),SaaS,ITOM,ITOM SaaS,per asset - SaaS ,31.78,PRP-00002256,Transition,USA List Prices 
BMC Helix Discovery (German Regulated Cloud),SaaS,ITOM,ITOM SaaS,per asset - SaaS ,26.53,PRP-00002259,Transition,USA List Prices 
BMC Helix Discovery for Service Providers - 1000 Asset Scans,SaaS,ITOM,ITOM SaaS,per asset scan - SaaS ,2008.5,PRP-00001481,Controlled,USA List Prices 
BMC Helix Discovery Sync for ServiceNow CMDB,SaaS,ITOM,ITOM SaaS,per instance - SaaS ,3347.5,PRP-00004858,Generally Available,USA List Prices 
BMC Helix Discovery Sync for ServiceNow CMDB (DoD Impact Level 4),SaaS,ITOM,ITOM SaaS,per instance - SaaS ,5784.5,PRP-00011055,Generally Available,USA List Prices 
BMC Helix Discovery Sync for ServiceNow CMDB (DoD Impact Level 5),SaaS,ITOM,ITOM SaaS,per instance - SaaS ,6941.38,PRP-00010807,Generally Available,USA List Prices 
BMC Helix Discovery Sync for ServiceNow CMDB (FedRAMP),SaaS,ITOM,ITOM SaaS,per instance - SaaS ,4820.41,PRP-00004857,Generally Available,USA List Prices 
BMC Helix Discovery Sync for ServiceNow CMDB (German Regulated Cloud),SaaS,ITOM,ITOM SaaS,per instance - SaaS ,4017.01,PRP-00004859,Generally Available,USA List Prices 
BMC Helix Edge - Base Observability - 1M Messages - OnPrem,OPS,ITOM,ITOM On Prem,per IoT Message ,6.89,PRP-00010571,Transition,USA List Prices 
BMC Helix Edge - Base Observability - 1M Messages - OnPrem,Perpetual,ITOM,ITOM On Prem,per IoT Message ,206,PRP-00010572,Transition,USA List Prices 
BMC Helix Edge - Contextual Data Ingestion - 1GB - OnPrem,OPS,ITOM,ITOM On Prem,per MB of Contextual Data ,1194.38,PRP-00010577,Transition,USA List Prices 
BMC Helix Edge - Contextual Data Ingestion - 1GB - OnPrem,Perpetual,ITOM,ITOM On Prem,per MB of Contextual Data ,35831,PRP-00010578,Transition,USA List Prices 
BMC Helix Edge - ML and Digital Twin - 1M Messages - OnPrem,OPS,ITOM,ITOM On Prem,per IoT Message ,3.31,PRP-00010573,Transition,USA List Prices 
BMC Helix Edge - ML and Digital Twin - 1M Messages - OnPrem,Perpetual,ITOM,ITOM On Prem,per IoT Message ,99,PRP-00010574,Transition,USA List Prices 
BMC Helix Edge - ML Training - 100min - OnPrem,OPS,ITOM,ITOM On Prem,per Model Training Minute ,643.13,PRP-00010575,Transition,USA List Prices 
BMC Helix Edge - ML Training - 100min - OnPrem,Perpetual,ITOM,ITOM On Prem,per Model Training Minute ,19294,PRP-00010576,Transition,USA List Prices 
BMC Helix Education Learning Pass Credit - FY27 - Group 1,Education,Services,Education,Each ,145,PRP-00015563,Generally Available,USA List Prices 
BMC Helix Education Learning Pass Credit - FY27 - Group 1 - Federal,Education,Services,Education,Each ,93.75,PRP-00015564,Generally Available,USA List Prices 
BMC Helix Employee Navigator for Third-Party ITSM,SaaS,ITSM,ITSM SaaS,per instance - SaaS ,21874.65,PRP-00015110,Generally Available,USA List Prices 
BMC Helix Employee Navigator OnPrem for Third-Party ITSM,OPS,ITSM,ITSM On Prem,per instance ,20833,PRP-00015165,Generally Available,USA List Prices 
BMC Helix Enterprise Service Management - Concurrent User MSP,SaaS,ITSM,ITSM SaaS,per concurrent user - SaaS ,69.3,PRP-00015019,Controlled,USA List Prices 
BMC Helix Enterprise Service Management - Named User MSP,SaaS,ITSM,ITSM SaaS,per named user - SaaS ,23.1,PRP-00015020,Controlled,USA List Prices 
BMC Helix Enterprise Service Management OnPrem - Concurrent User MSP,OPS,ITSM,ITSM On Prem,per concurrent user ,69.3,PRP-00015013,Controlled,USA List Prices 
BMC Helix Enterprise Service Management OnPrem - Named User MSP,OPS,ITSM,ITSM On Prem,per named user ,23.1,PRP-00015014,Controlled,USA List Prices 
BMC Helix Extended Support Fee,OPS,ITSM,ITSM On Prem,Each ,1,PRP-00015111,Generally Available,USA List Prices 
BMC Helix Extended Support Fee,Perpetual,ITSM,ITSM On Prem,Each ,12,PRP-00015112,Generally Available,USA List Prices 
BMC Helix Field Service Management - Dispatcher - Named User - MarketZone,SaaS,ITSM,ITSM SaaS,per named user - SaaS ,336,PRP-00015381,Controlled,USA List Prices 
BMC Helix Field Service Management - Field Agent - Concurrent User - MarketZone,SaaS,ITSM,ITSM SaaS,per concurrent user - SaaS ,720,PRP-00015382,Controlled,USA List Prices 
BMC Helix Field Service Management - Field Agent - Named User - MarketZone,SaaS,ITSM,ITSM SaaS,per named user - SaaS ,240,PRP-00015383,Controlled,USA List Prices 
BMC Helix FY27 AI Accelerator Success Subscription - Group 1,Service,Services,PS Consulting,Each ,50000,PRP-00015434,Controlled,USA List Prices 
BMC Helix FY27 Essential Success Subscription - Group 1,Service,Services,PS Consulting,Each ,54250,PRP-00015439,Generally Available,USA List Prices 
BMC Helix FY27 Operations Management Success Subscription - FDE - Group 1,Service,Services,PS Consulting,Each ,180000,PRP-00015444,Generally Available,USA List Prices 
BMC Helix FY27 Operations Management Success Subscription - TAS - Group 1,Service,Services,PS Consulting,Each ,180000,PRP-00015449,Generally Available,USA List Prices 
BMC Helix FY27 Service Management Success Subscription - FDE - Group 1,Service,Services,PS Consulting,Each ,180000,PRP-00015454,Generally Available,USA List Prices 
BMC Helix FY27 Service Management Success Subscription - TAS - Group 1,Service,Services,PS Consulting,Each ,180000,PRP-00015459,Generally Available,USA List Prices 
BMC Helix FY27 ServiceOps Success Subscription - FDE - Group 1,Service,Services,PS Consulting,Each ,325000,PRP-00015464,Generally Available,USA List Prices 
BMC Helix FY27 ServiceOps Success Subscription - TAS - Group 1,Service,Services,PS Consulting,Each ,325000,PRP-00015469,Generally Available,USA List Prices 
BMC Helix High Performance - Extended Backup Retention,SaaS,ITSM,ITSM SaaS,Each ,26250,PRP-00015005,Generally Available,USA List Prices 
BMC Helix High Performance - Extended Data Archive,SaaS,ITSM,ITSM SaaS,Each ,87500,PRP-00015006,Generally Available,USA List Prices 
BMC Helix High Performance - Non-Production Environment,SaaS,ITSM,ITSM SaaS,Each ,131250,PRP-00015007,Generally Available,USA List Prices 
BMC Helix High Performance Suite,SaaS,ITSM,ITSM SaaS,Each ,350000,PRP-00015008,Generally Available,USA List Prices 
BMC Helix Integration Service on AWS - 100000 Integration Tasks,SaaS,ITSM,ITSM SaaS,per integration task - SaaS ,1530.29,PRP-00002262,Withdrawn,USA List Prices 
BMC Helix Integration Service on Azure - 100000 Integration Tasks,SaaS,ITSM,ITSM SaaS,per integration task - SaaS ,1530.29,PRP-00002264,Withdrawn,USA List Prices 
BMC Helix Integration Service on BMC Cloud - 100000 Integration Tasks,SaaS,ITSM,ITSM SaaS,per integration task - SaaS ,1530.29,PRP-00002263,Withdrawn,USA List Prices 
BMC Helix Integration Service Premium Connector on AWS,SaaS,ITSM,ITSM SaaS,Each ,2232.12,PRP-00002541,Withdrawn,USA List Prices 
BMC Helix Integration Service Premium Connector on AWS (DoD Impact Level 4),SaaS,ITSM,ITSM SaaS,Each ,3214.24,PRP-00002543,Withdrawn,USA List Prices 
BMC Helix Integration Service Premium Connector on AWS (FedRAMP),SaaS,ITSM,ITSM SaaS,Each ,2678.54,PRP-00002542,Withdrawn,USA List Prices 
BMC Helix Integration Service Premium Connector on Azure,SaaS,ITSM,ITSM SaaS,Each ,2232.12,PRP-00002544,Withdrawn,USA List Prices 
BMC Helix Integration Service Premium Connector on BMC Cloud,SaaS,ITSM,ITSM SaaS,Each ,2232.12,PRP-00002540,Withdrawn,USA List Prices 
BMC Helix Intelligent Automation - Device Endpoint,SaaS,ITOM,ITOM SaaS,per asset - average device endpoint - SaaS ,3.78,PRP-00006970,Withdrawn,USA List Prices 
BMC Helix Intelligent Automation - Port,SaaS,ITOM,ITOM SaaS,per asset - average port - SaaS ,7.61,PRP-00006968,Withdrawn,USA List Prices 
BMC Helix Intelligent Automation - Server Endpoint,SaaS,ITOM,ITOM SaaS,per asset - average server endpoint - SaaS ,18.38,PRP-00006972,Withdrawn,USA List Prices 
BMC Helix Intelligent Automation - Serverless Asset (250-Pack),SaaS,ITOM,ITOM SaaS,per asset - average Serverless Asset - SaaS ,196.91,PRP-00006974,Withdrawn,USA List Prices 
BMC Helix iPaaS,Platform,ITSM,ITSM SaaS,per instance - SaaS ,5579.17,PRP-00004243,Withdrawn,USA List Prices 
BMC Helix iPaaS - Additional 10M MQ Messages Per Month - MarketZone,Platform,ITSM,ITSM SaaS,Each ,1447.01,PRP-00007268,Generally Available,USA List Prices 
BMC Helix iPaaS - Additional 1M API Calls Per Month - MarketZone,Platform,ITSM,ITSM SaaS,Each ,694.58,PRP-00007265,Generally Available,USA List Prices 
BMC Helix iPaaS - Additional 20 API URLs,Platform,ITSM,ITSM SaaS,Each ,1093.98,PRP-00007053,Withdrawn,USA List Prices 
BMC Helix iPaaS - Additional 20 API URLs - MarketZone,Platform,ITSM,ITSM SaaS,Each ,3009.83,PRP-00007270,Generally Available,USA List Prices 
BMC Helix iPaaS - Additional Capacity,Platform,ITSM,ITSM SaaS,per instance - SaaS ,5021.26,PRP-00001396,Withdrawn,USA List Prices 
BMC Helix iPaaS - Additional Capacity - MarketZone,Platform,ITSM,ITSM SaaS,per instance - SaaS ,12502.35,PRP-00007264,Generally Available,USA List Prices 
BMC Helix iPaaS - Additional Endpoint - MarketZone,Platform,ITSM,ITSM SaaS,Each ,2315.25,PRP-00007261,Generally Available,USA List Prices 
BMC Helix iPaaS - Additional Endpoints,Platform,ITSM,ITSM SaaS,Each ,1093.96,PRP-00006635,Withdrawn,USA List Prices 
BMC Helix iPaaS - Additional Integrations (20-Pack) - MarketZone,Platform,ITSM,ITSM SaaS,Each ,75245.63,PRP-00007263,Generally Available,USA List Prices 
BMC Helix iPaaS - Additional Private Agent,Platform,ITSM,ITSM SaaS,Each ,312.56,PRP-00006714,Withdrawn,USA List Prices 
BMC Helix iPaaS - Additional Private Agent - MarketZone,Platform,ITSM,ITSM SaaS,Each ,694.58,PRP-00007262,Generally Available,USA List Prices 
BMC Helix iPaaS - Template Bundle,Platform,ITSM,ITSM SaaS,per enterprise - SaaS ,11158.35,PRP-00002367,Generally Available,USA List Prices 
BMC Helix iPaaS for MuleSoft - Premium Content,Platform,ITSM,ITSM SaaS,per enterprise - SaaS ,11158.35,PRP-00007026,Generally Available,USA List Prices 
BMC Helix iPaaS Platform - MarketZone,Platform,ITSM,ITSM SaaS,per enterprise - SaaS ,13196.93,PRP-00007259,Generally Available,USA List Prices 
BMC Helix iPaaS Platform (20 Integration Pack) - MarketZone,Platform,ITSM,ITSM SaaS,per enterprise - SaaS ,75245.63,PRP-00007260,Generally Available,USA List Prices 
BMC Helix IT Operations Management - Education Associate Individual Subscription - Instructor-Led - Group 1,Education,Services,Education,Each ,10380,PRP-00015223,Generally Available,USA List Prices 
BMC Helix IT Operations Management - Education Enterprise Subscription - Web-Based - Group 1,Education,Services,Education,Each ,13840,PRP-00014203,Generally Available,USA List Prices 
BMC Helix IT Operations Management - Education Professional Individual Subscription - Instructor-Led - Group 1,Education,Services,Education,Each ,12110,PRP-00014208,Generally Available,USA List Prices 
BMC Helix IT Service Management - Education Associate Individual Subscription - Instructor-Led - Group 1,Education,Services,Education,Each ,10380,PRP-00015228,Generally Available,USA List Prices 
BMC Helix IT Service Management - Education Enterprise Subscription - Web-Based - Group 1,Education,Services,Education,Each ,13840,PRP-00014213,Generally Available,USA List Prices 
BMC Helix IT Service Management - Education Professional Individual Subscription - Instructor-Led - Group 1,Education,Services,Education,Each ,12110,PRP-00014218,Generally Available,USA List Prices 
BMC Helix IT Service Management OnPrem,OPS,ITSM,ITSM On Prem,per enterprise ,749.39,PRP-00004246,Withdrawn,USA List Prices 
BMC Helix IT Service Management OnPrem,Perpetual,ITSM,ITSM On Prem,per enterprise ,22482,PRP-00004247,Withdrawn,USA List Prices 
BMC Helix IT Service Management OnPrem - Asset Management Floating User License Add-on,OPS,ITSM,ITSM On Prem,per concurrent user ,702.55,PRP-00002538,Withdrawn,USA List Prices 
BMC Helix IT Service Management OnPrem - Asset Management Floating User License Add-on,Perpetual,ITSM,ITSM On Prem,per concurrent user ,21077,PRP-00002539,Withdrawn,USA List Prices 
BMC Helix IT Service Management OnPrem - Asset Management User License Add-on,OPS,ITSM,ITSM On Prem,per named user ,281.02,PRP-00004075,Withdrawn,USA List Prices 
BMC Helix IT Service Management OnPrem - Asset Management User License Add-on,Perpetual,ITSM,ITSM On Prem,per named user ,8431,PRP-00004076,Withdrawn,USA List Prices 
BMC Helix IT Service Management OnPrem - Change Management Floating User License Add-on,OPS,ITSM,ITSM On Prem,per concurrent user ,530.81,PRP-00001539,Withdrawn,USA List Prices 
BMC Helix IT Service Management OnPrem - Change Management Floating User License Add-on,Perpetual,ITSM,ITSM On Prem,per concurrent user ,15924,PRP-00001540,Withdrawn,USA List Prices 
BMC Helix IT Service Management OnPrem - Change Management User License Add-on,OPS,ITSM,ITSM On Prem,per named user ,212.32,PRP-00005367,Withdrawn,USA List Prices 
BMC Helix IT Service Management OnPrem - Change Management User License Add-on,Perpetual,ITSM,ITSM On Prem,per named user ,6370,PRP-00005368,Withdrawn,USA List Prices 
BMC Helix IT Service Management OnPrem - Chat Floating User License Add-on,OPS,ITSM,ITSM On Prem,per concurrent user ,154.57,PRP-00002375,Withdrawn,USA List Prices 
BMC Helix IT Service Management OnPrem - Chat Floating User License Add-on,Perpetual,ITSM,ITSM On Prem,per concurrent user ,4637,PRP-00002376,Withdrawn,USA List Prices 
BMC Helix IT Service Management OnPrem - Chat User License Add-on,OPS,ITSM,ITSM On Prem,per named user ,61.82,PRP-00002150,Withdrawn,USA List Prices 
BMC Helix IT Service Management OnPrem - Chat User License Add-on,Perpetual,ITSM,ITSM On Prem,per named user ,1855,PRP-00002151,Withdrawn,USA List Prices 
BMC Helix IT Service Management OnPrem - Knowledge Management Floating User License Add-on,OPS,ITSM,ITSM On Prem,per concurrent user ,202.96,PRP-00004558,Withdrawn,USA List Prices 
BMC Helix IT Service Management OnPrem - Knowledge Management Floating User License Add-on,Perpetual,ITSM,ITSM On Prem,per concurrent user ,6089,PRP-00004560,Withdrawn,USA List Prices 
BMC Helix IT Service Management OnPrem - Knowledge Management User License Add-on,OPS,ITSM,ITSM On Prem,per named user ,81.19,PRP-00002248,Withdrawn,USA List Prices 
BMC Helix IT Service Management OnPrem - Knowledge Management User License Add-on,Perpetual,ITSM,ITSM On Prem,per named user ,2436,PRP-00002249,Withdrawn,USA List Prices 
BMC Helix IT Service Management OnPrem - Premium Self-Service Floating User License Add-on 25-pk,OPS,ITSM,ITSM On Prem,per concurrent user ,2248.17,PRP-00005317,Withdrawn,USA List Prices 
BMC Helix IT Service Management OnPrem - Premium Self-Service Floating User License Add-on 25-pk,Perpetual,ITSM,ITSM On Prem,per concurrent user ,67445,PRP-00005318,Withdrawn,USA List Prices 
BMC Helix IT Service Management OnPrem - Premium Self-Service User License Add-on 50-pk,OPS,ITSM,ITSM On Prem,per named user ,61.14,PRP-00003959,Withdrawn,USA List Prices 
BMC Helix IT Service Management OnPrem - Premium Self-Service User License Add-on 50-pk,Perpetual,ITSM,ITSM On Prem,per named user ,1834,PRP-00003960,Withdrawn,USA List Prices 
BMC Helix IT Service Management OnPrem - Self-Service Floating User License Add-on 25-pk,OPS,ITSM,ITSM On Prem,per concurrent user ,1248.97,PRP-00004073,Withdrawn,USA List Prices 
BMC Helix IT Service Management OnPrem - Self-Service Floating User License Add-on 25-pk,Perpetual,ITSM,ITSM On Prem,per concurrent user ,37469,PRP-00004074,Withdrawn,USA List Prices 
BMC Helix IT Service Management OnPrem - Self-Service User License Add-on 50-pk,OPS,ITSM,ITSM On Prem,per named user ,33.97,PRP-00004855,Withdrawn,USA List Prices 
BMC Helix IT Service Management OnPrem - Self-Service User License Add-on 50-pk,Perpetual,ITSM,ITSM On Prem,per named user ,1019,PRP-00004856,Withdrawn,USA List Prices 
BMC Helix IT Service Management OnPrem - Service Desk Floating User License Add-on,OPS,ITSM,ITSM On Prem,per concurrent user ,405.93,PRP-00004244,Withdrawn,USA List Prices 
BMC Helix IT Service Management OnPrem - Service Desk Floating User License Add-on,Perpetual,ITSM,ITSM On Prem,per concurrent user ,12178,PRP-00004245,Withdrawn,USA List Prices 
BMC Helix IT Service Management OnPrem - Service Desk User License Add-on,OPS,ITSM,ITSM On Prem,per named user ,162.37,PRP-00001150,Withdrawn,USA List Prices 
BMC Helix IT Service Management OnPrem - Service Desk User License Add-on,Perpetual,ITSM,ITSM On Prem,per named user ,4871,PRP-00001151,Withdrawn,USA List Prices 
BMC Helix IT Service Management OnPrem - Service Level Management Floating User License Add-on,OPS,ITSM,ITSM On Prem,per concurrent user ,680.67,PRP-00004069,Withdrawn,USA List Prices 
BMC Helix IT Service Management OnPrem - Service Level Management Floating User License Add-on,Perpetual,ITSM,ITSM On Prem,per concurrent user ,18151,PRP-00004070,Withdrawn,USA List Prices 
BMC Helix IT Service Management OnPrem - Service Level Management User License Add-on,OPS,ITSM,ITSM On Prem,per named user ,272.27,PRP-00001335,Withdrawn,USA List Prices 
BMC Helix IT Service Management OnPrem - Service Level Management User License Add-on,Perpetual,ITSM,ITSM On Prem,per named user ,7261,PRP-00001336,Withdrawn,USA List Prices 
BMC Helix IT Service Management OnPrem - Service Management Specialist Floating User License Add-on,OPS,ITSM,ITSM On Prem,per concurrent user ,202.96,PRP-00004233,Withdrawn,USA List Prices 
BMC Helix IT Service Management OnPrem - Service Management Specialist Floating User License Add-on,Perpetual,ITSM,ITSM On Prem,per concurrent user ,6089,PRP-00004234,Withdrawn,USA List Prices 
BMC Helix IT Service Management OnPrem - Service Management Specialist User License Add-on,OPS,ITSM,ITSM On Prem,per named user ,81.19,PRP-00002265,Withdrawn,USA List Prices 
BMC Helix IT Service Management OnPrem - Service Management Specialist User License Add-on,Perpetual,ITSM,ITSM On Prem,per named user ,2436,PRP-00002266,Withdrawn,USA List Prices 
BMC Helix IT Service Management OnPrem - Suite Floating User License Add-on,OPS,ITSM,ITSM On Prem,per concurrent user ,986.69,PRP-00002881,Withdrawn,USA List Prices 
BMC Helix IT Service Management OnPrem - Suite Floating User License Add-on,Perpetual,ITSM,ITSM On Prem,per concurrent user ,29601,PRP-00002882,Withdrawn,USA List Prices 
BMC Helix IT Service Management OnPrem - Suite User License Add-on,OPS,ITSM,ITSM On Prem,per named user ,394.69,PRP-00004864,Withdrawn,USA List Prices 
BMC Helix IT Service Management OnPrem - Suite User License Add-on,Perpetual,ITSM,ITSM On Prem,per named user ,11840,PRP-00004865,Withdrawn,USA List Prices 
BMC Helix IT Service Management OnPrem - Virtual Chat User License,OPS,ITSM,ITSM On Prem,per named user ,0.56,PRP-00003125,Withdrawn,USA List Prices 
BMC Helix IT Service Management OnPrem - Virtual Chat User License,Perpetual,ITSM,ITSM On Prem,per named user ,17,PRP-00003126,Withdrawn,USA List Prices 
BMC Helix ITOM - Advanced,SaaS,ITOM,ITOM SaaS,per resource unit - SaaS ,222.67,PRP-00007245,Transition,USA List Prices 
BMC Helix ITOM - Advanced (DoD Impact Level 4),SaaS,ITOM,ITOM SaaS,per resource unit - SaaS ,384.77,PRP-00011056,Generally Available,USA List Prices 
BMC Helix ITOM - Advanced (DoD Impact Level 5),SaaS,ITOM,ITOM SaaS,per resource unit - SaaS ,461.75,PRP-00010808,Generally Available,USA List Prices 
BMC Helix ITOM - Advanced (FedRAMP),SaaS,ITOM,ITOM SaaS,per resource unit - SaaS ,320.64,PRP-00007244,Generally Available,USA List Prices 
BMC Helix ITOM - Standard,SaaS,ITOM,ITOM SaaS,per resource unit - SaaS ,167.09,PRP-00007223,Transition,USA List Prices 
BMC Helix ITOM - Standard (DoD Impact Level 4),SaaS,ITOM,ITOM SaaS,per resource unit - SaaS ,288.72,PRP-00011057,Generally Available,USA List Prices 
BMC Helix ITOM - Standard (DoD Impact Level 5),SaaS,ITOM,ITOM SaaS,per resource unit - SaaS ,346.48,PRP-00010809,Generally Available,USA List Prices 
BMC Helix ITOM - Standard (FedRAMP),SaaS,ITOM,ITOM SaaS,per resource unit - SaaS ,240.62,PRP-00007222,Generally Available,USA List Prices 
BMC Helix ITOM OnPrem - Advanced,OPS,ITOM,ITOM On Prem,per resource unit ,189.27,PRP-00007229,Transition,USA List Prices 
BMC Helix ITOM OnPrem - Advanced,Perpetual,ITOM,ITOM On Prem,per resource unit ,5678,PRP-00007230,Transition,USA List Prices 
BMC Helix ITOM OnPrem - Standard,OPS,ITOM,ITOM On Prem,per resource unit ,142.03,PRP-00007231,Transition,USA List Prices 
BMC Helix ITOM OnPrem - Standard,Perpetual,ITOM,ITOM On Prem,per resource unit ,4261,PRP-00007232,Transition,USA List Prices 
BMC Helix ITSM - Service Desk Concurrent User License,SaaS,ITSM,ITSM SaaS,per concurrent user - SaaS ,409.74,PRP-00000376,Transition,USA List Prices 
BMC Helix ITSM - Service Desk User License,SaaS,ITSM,ITSM SaaS,per named user - SaaS ,136.58,PRP-00000377,Transition,USA List Prices 
BMC Helix ITSM - Service Optimization Concurrent User License,SaaS,ITSM,ITSM SaaS,per concurrent user - SaaS ,433.83,PRP-00000397,Transition,USA List Prices 
BMC Helix ITSM - Service Optimization User License,SaaS,ITSM,ITSM SaaS,per named user - SaaS ,144.61,PRP-00000378,Transition,USA List Prices 
BMC Helix ITSM - Smart Reporting Support Extension,SaaS,ITSM,ITSM SaaS,per enterprise - SaaS ,0,PRP-00007162,Transition,USA List Prices 
BMC Helix ITSM - Suite Concurrent User License,SaaS,ITSM,ITSM SaaS,per concurrent user - SaaS ,743.15,PRP-00000396,Transition,USA List Prices 
BMC Helix ITSM - Suite User License,SaaS,ITSM,ITSM SaaS,per named user - SaaS ,247.72,PRP-00000399,Transition,USA List Prices 
BMC Helix ITSM (German Regulated Cloud) - Service Desk Concurrent User License,SaaS,ITSM,ITSM SaaS,per concurrent user - SaaS ,491.69,PRP-00000390,Generally Available,USA List Prices 
BMC Helix ITSM (German Regulated Cloud) - Service Desk User License,SaaS,ITSM,ITSM SaaS,per named user - SaaS ,163.92,PRP-00000391,Generally Available,USA List Prices 
BMC Helix ITSM (German Regulated Cloud) - Service Optimization Concurrent User License,SaaS,ITSM,ITSM SaaS,per concurrent user - SaaS ,520.58,PRP-00000392,Generally Available,USA List Prices 
BMC Helix ITSM (German Regulated Cloud) - Service Optimization User License,SaaS,ITSM,ITSM SaaS,per named user - SaaS ,173.5,PRP-00000393,Generally Available,USA List Prices 
BMC Helix ITSM (German Regulated Cloud) - Suite Concurrent User License,SaaS,ITSM,ITSM SaaS,per concurrent user - SaaS ,891.76,PRP-00000394,Generally Available,USA List Prices 
BMC Helix ITSM (German Regulated Cloud) - Suite User License,SaaS,ITSM,ITSM SaaS,per named user - SaaS ,297.28,PRP-00000395,Generally Available,USA List Prices 
BMC Helix ITSM (Public Sector) - Service Optimization User License,SaaS,ITSM,ITSM SaaS,per named user - SaaS ,172.73,PRP-00006732,Transition,USA List Prices 
BMC Helix ITSM (Public Sector) - Suite Concurrent User License,SaaS,ITSM,ITSM SaaS,per concurrent user - SaaS ,870.49,PRP-00006755,Transition,USA List Prices 
BMC Helix ITSM (Public Sector) - Suite User License,SaaS,ITSM,ITSM SaaS,per named user - SaaS ,290.15,PRP-00006753,Transition,USA List Prices 
BMC Helix ITSM for Migrations - Suite Concurrent User License,SaaS,ITSM,ITSM SaaS,per concurrent user - SaaS ,350.5,PRP-00007070,Withdrawn,USA List Prices 
BMC Helix ITSM for Migrations - Suite User License,SaaS,ITSM,ITSM SaaS,per named user - SaaS ,116.83,PRP-00007069,Withdrawn,USA List Prices 
BMC Helix ITSM on AWS - Service Desk Concurrent User License,SaaS,ITSM,ITSM SaaS,per concurrent user - SaaS ,409.74,PRP-00000386,Transition,USA List Prices 
BMC Helix ITSM on AWS - Service Desk User License,SaaS,ITSM,ITSM SaaS,per named user - SaaS ,136.58,PRP-00000400,Transition,USA List Prices 
BMC Helix ITSM on AWS - Service Optimization Concurrent User License,SaaS,ITSM,ITSM SaaS,per concurrent user - SaaS ,433.83,PRP-00000406,Transition,USA List Prices 
BMC Helix ITSM on AWS - Service Optimization User License,SaaS,ITSM,ITSM SaaS,per named user - SaaS ,144.61,PRP-00000387,Transition,USA List Prices 
BMC Helix ITSM on AWS - Suite Concurrent User License,SaaS,ITSM,ITSM SaaS,per concurrent user - SaaS ,743.15,PRP-00000404,Transition,USA List Prices 
BMC Helix ITSM on AWS - Suite User License,SaaS,ITSM,ITSM SaaS,per named user - SaaS ,247.72,PRP-00000403,Transition,USA List Prices 
BMC Helix ITSM on AWS (DoD Impact Level 4) - Service Desk Concurrent User License,SaaS,ITSM,ITSM SaaS,per concurrent user - SaaS ,703.78,PRP-00006744,Generally Available,USA List Prices 
BMC Helix ITSM on AWS (DoD Impact Level 4) - Service Desk Concurrent User License - per ticket - SaaS,SaaS,ITSM,ITSM SaaS,per ticket - SaaS ,703.78,PRP-00011265,Controlled,USA List Prices 
BMC Helix ITSM on AWS (DoD Impact Level 4) - Service Desk User License,SaaS,ITSM,ITSM SaaS,per named user - SaaS ,234.59,PRP-00006747,Generally Available,USA List Prices 
BMC Helix ITSM on AWS (DoD Impact Level 4) - Service Desk User License - per ticket - SaaS,SaaS,ITSM,ITSM SaaS,per ticket - SaaS ,234.61,PRP-00011266,Controlled,USA List Prices 
BMC Helix ITSM on AWS (DoD Impact Level 4) - Service Optimization Concurrent User License,SaaS,ITSM,ITSM SaaS,per concurrent user - SaaS ,747.17,PRP-00006749,Generally Available,USA List Prices 
BMC Helix ITSM on AWS (DoD Impact Level 4) - Service Optimization User License,SaaS,ITSM,ITSM SaaS,per named user - SaaS ,249.06,PRP-00006738,Generally Available,USA List Prices 
BMC Helix ITSM on AWS (DoD Impact Level 4) - Suite Concurrent User License,SaaS,ITSM,ITSM SaaS,per concurrent user - SaaS ,1405.15,PRP-00006740,Generally Available,USA List Prices 
BMC Helix ITSM on AWS (DoD Impact Level 4) - Suite Concurrent User License - per ticket - SaaS,SaaS,ITSM,ITSM SaaS,per ticket - SaaS ,1405.14,PRP-00011267,Controlled,USA List Prices 
BMC Helix ITSM on AWS (DoD Impact Level 4) - Suite User License,SaaS,ITSM,ITSM SaaS,per named user - SaaS ,468.39,PRP-00006742,Generally Available,USA List Prices 
BMC Helix ITSM on AWS (DoD Impact Level 4) - Suite User License - per ticket - SaaS,SaaS,ITSM,ITSM SaaS,per ticket - SaaS ,468.4,PRP-00011268,Controlled,USA List Prices 
BMC Helix ITSM on AWS (DoD Impact Level 5) - Service Desk Concurrent User License,SaaS,ITSM,ITSM SaaS,per concurrent user - SaaS ,844.53,PRP-00000380,Generally Available,USA List Prices 
BMC Helix ITSM on AWS (DoD Impact Level 5) - Service Desk Concurrent User License - per ticket - SaaS,SaaS,ITSM,ITSM SaaS,per ticket - SaaS ,844.52,PRP-00011269,Controlled,USA List Prices 
BMC Helix ITSM on AWS (DoD Impact Level 5) - Service Desk User License,SaaS,ITSM,ITSM SaaS,per named user - SaaS ,281.51,PRP-00000381,Generally Available,USA List Prices 
BMC Helix ITSM on AWS (DoD Impact Level 5) - Service Desk User License - per ticket - SaaS,SaaS,ITSM,ITSM SaaS,per ticket - SaaS ,281.52,PRP-00011270,Controlled,USA List Prices 
BMC Helix ITSM on AWS (DoD Impact Level 5) - Service Optimization Concurrent User License,SaaS,ITSM,ITSM SaaS,per concurrent user - SaaS ,896.59,PRP-00000382,Generally Available,USA List Prices 
BMC Helix ITSM on AWS (DoD Impact Level 5) - Service Optimization User License,SaaS,ITSM,ITSM SaaS,per named user - SaaS ,298.88,PRP-00000383,Generally Available,USA List Prices 
BMC Helix ITSM on AWS (DoD Impact Level 5) - Suite Concurrent User License,SaaS,ITSM,ITSM SaaS,per concurrent user - SaaS ,1686.18,PRP-00000384,Generally Available,USA List Prices 
BMC Helix ITSM on AWS (DoD Impact Level 5) - Suite Concurrent User License - per ticket - SaaS,SaaS,ITSM,ITSM SaaS,per ticket - SaaS ,1686.16,PRP-00011271,Controlled,USA List Prices 
BMC Helix ITSM on AWS (DoD Impact Level 5) - Suite User License,SaaS,ITSM,ITSM SaaS,per named user - SaaS ,562.06,PRP-00000385,Generally Available,USA List Prices 
BMC Helix ITSM on AWS (DoD Impact Level 5) - Suite User License - per ticket - SaaS,SaaS,ITSM,ITSM SaaS,per ticket - SaaS ,562.05,PRP-00011272,Controlled,USA List Prices 
BMC Helix ITSM on AWS (FedRAMP) - Service Desk Concurrent User License,SaaS,ITSM,ITSM SaaS,per concurrent user - SaaS ,586.49,PRP-00006767,Generally Available,USA List Prices 
BMC Helix ITSM on AWS (FedRAMP) - Service Desk User License,SaaS,ITSM,ITSM SaaS,per named user - SaaS ,195.5,PRP-00006763,Generally Available,USA List Prices 
BMC Helix ITSM on AWS (FedRAMP) - Service Optimization Concurrent User License,SaaS,ITSM,ITSM SaaS,per concurrent user - SaaS ,622.64,PRP-00006761,Generally Available,USA List Prices 
BMC Helix ITSM on AWS (FedRAMP) - Service Optimization User License,SaaS,ITSM,ITSM SaaS,per named user - SaaS ,207.55,PRP-00006765,Generally Available,USA List Prices 
BMC Helix ITSM on AWS (FedRAMP) - Suite Concurrent User License,SaaS,ITSM,ITSM SaaS,per concurrent user - SaaS ,1170.96,PRP-00006757,Generally Available,USA List Prices 
BMC Helix ITSM on AWS (FedRAMP) - Suite User License,SaaS,ITSM,ITSM SaaS,per named user - SaaS ,390.32,PRP-00006759,Generally Available,USA List Prices 
BMC Helix ITSM on Azure - Service Desk Concurrent User License,SaaS,ITSM,ITSM SaaS,per concurrent user - SaaS ,409.74,PRP-00000388,Transition,USA List Prices 
BMC Helix ITSM on Azure - Service Desk User License,SaaS,ITSM,ITSM SaaS,per named user - SaaS ,136.58,PRP-00000389,Transition,USA List Prices 
BMC Helix ITSM on Azure - Service Optimization Concurrent User License,SaaS,ITSM,ITSM SaaS,per concurrent user - SaaS ,433.83,PRP-00000407,Transition,USA List Prices 
BMC Helix ITSM on Azure - Service Optimization User License,SaaS,ITSM,ITSM SaaS,per named user - SaaS ,144.61,PRP-00000405,Transition,USA List Prices 
BMC Helix ITSM on Azure - Suite Concurrent User License,SaaS,ITSM,ITSM SaaS,per concurrent user - SaaS ,743.15,PRP-00000402,Transition,USA List Prices 
BMC Helix ITSM on Azure - Suite User License,SaaS,ITSM,ITSM SaaS,per named user - SaaS ,247.72,PRP-00000401,Transition,USA List Prices 
BMC Helix ITSM on BMC Cloud - Custom Applications Concurrent User License,SaaS,ITSM,ITSM SaaS,per concurrent user - SaaS ,147.57,PRP-00000379,Transition,USA List Prices 
BMC Helix ITSM on BMC Cloud - Custom Applications User License,SaaS,ITSM,ITSM SaaS,per named user - SaaS ,49.65,PRP-00000398,Transition,USA List Prices 
BMC Helix ITSM on BMC Cloud (Public Sector) - Custom Applications Concurrent User License,SaaS,ITSM,ITSM SaaS,per concurrent user - SaaS ,188.54,PRP-00006734,Transition,USA List Prices 
BMC Helix ITSM on BMC Cloud (Public Sector) - Custom Applications User License,SaaS,ITSM,ITSM SaaS,per named user - SaaS ,63.34,PRP-00006736,Transition,USA List Prices 
BMC Helix ITSM on BMC Cloud (Public Sector) - Service Desk Concurrent User License,SaaS,ITSM,ITSM SaaS,per concurrent user - SaaS ,490.08,PRP-00006751,Transition,USA List Prices 
BMC Helix ITSM on BMC Cloud (Public Sector) - Service Desk User License,SaaS,ITSM,ITSM SaaS,per named user - SaaS ,163.36,PRP-00006727,Transition,USA List Prices 
BMC Helix ITSM on BMC Cloud (Public Sector) - Service Optimization Concurrent User License,SaaS,ITSM,ITSM SaaS,per concurrent user - SaaS ,518.2,PRP-00006730,Transition,USA List Prices 
BMC Helix ITSM OnPrem - AI Service Management Concurrent User License,OPS,ITSM,ITSM On Prem,per concurrent user ,140.03,PRP-00006941,Withdrawn,USA List Prices 
BMC Helix ITSM OnPrem - AI Service Management Concurrent User License,Perpetual,ITSM,ITSM On Prem,per concurrent user ,4201,PRP-00006943,Withdrawn,USA List Prices 
BMC Helix ITSM OnPrem - AI Service Management User License,OPS,ITSM,ITSM On Prem,per named user ,49.01,PRP-00006945,Withdrawn,USA List Prices 
BMC Helix ITSM OnPrem - AI Service Management User License,Perpetual,ITSM,ITSM On Prem,per named user ,1470,PRP-00006947,Withdrawn,USA List Prices 
BMC Helix ITSM OnPrem - Service Desk Concurrent User License,OPS,ITSM,ITSM On Prem,per concurrent user ,417.25,PRP-00003117,Transition,USA List Prices 
BMC Helix ITSM OnPrem - Service Desk Concurrent User License,Perpetual,ITSM,ITSM On Prem,per concurrent user ,12518,PRP-00003118,Transition,USA List Prices 
BMC Helix ITSM OnPrem - Service Desk User License,OPS,ITSM,ITSM On Prem,per named user ,139.09,PRP-00003119,Transition,USA List Prices 
BMC Helix ITSM OnPrem - Service Desk User License,Perpetual,ITSM,ITSM On Prem,per named user ,4173,PRP-00003120,Transition,USA List Prices 
BMC Helix ITSM OnPrem - Service Optimization Concurrent User License,OPS,ITSM,ITSM On Prem,per concurrent user ,455.22,PRP-00003113,Transition,USA List Prices 
BMC Helix ITSM OnPrem - Service Optimization Concurrent User License,Perpetual,ITSM,ITSM On Prem,per concurrent user ,13656,PRP-00003114,Transition,USA List Prices 
BMC Helix ITSM OnPrem - Service Optimization User License,OPS,ITSM,ITSM On Prem,per named user ,143.03,PRP-00003111,Transition,USA List Prices 
BMC Helix ITSM OnPrem - Service Optimization User License,Perpetual,ITSM,ITSM On Prem,per named user ,4291,PRP-00003112,Transition,USA List Prices 
BMC Helix ITSM OnPrem - Smart Reporting Support Extension,OPS,ITSM,ITSM On Prem,per enterprise ,0,PRP-00007210,Controlled,USA List Prices 
BMC Helix ITSM OnPrem - Smart Reporting Support Extension,Perpetual,ITSM,ITSM On Prem,per enterprise ,0,PRP-00007211,Controlled,USA List Prices 
BMC Helix ITSM OnPrem - Suite Concurrent User License,OPS,ITSM,ITSM On Prem,per concurrent user ,758.59,PRP-00003107,Transition,USA List Prices 
BMC Helix ITSM OnPrem - Suite Concurrent User License,Perpetual,ITSM,ITSM On Prem,per concurrent user ,22758,PRP-00003108,Transition,USA List Prices 
BMC Helix ITSM OnPrem - Suite User License,OPS,ITSM,ITSM On Prem,per named user ,252.86,PRP-00003121,Transition,USA List Prices 
BMC Helix ITSM OnPrem - Suite User License,Perpetual,ITSM,ITSM On Prem,per named user ,7586,PRP-00003122,Transition,USA List Prices 
BMC Helix Knowledge Management by ComAround - Article Pack (1000 Named Users),SaaS,ITSM,ITSM SaaS,per named user - SaaS ,486.03,PRP-00006404,Generally Available,USA List Prices 
BMC Helix Knowledge Management by ComAround - Enterprise,SaaS,ITSM,ITSM SaaS,per named user - SaaS ,321.94,PRP-00005839,Generally Available,USA List Prices 
BMC Helix Knowledge Management by ComAround - Legacy Maintenance (Concurrent User),SaaS,ITSM,ITSM SaaS,per concurrent user - SaaS ,1109.58,PRP-00005842,Transition,USA List Prices 
BMC Helix Knowledge Management by ComAround - Legacy Maintenance (Named User),SaaS,ITSM,ITSM SaaS,per named user - SaaS ,453.21,PRP-00005847,Transition,USA List Prices 
BMC Helix Knowledge Management by ComAround - Premium,SaaS,ITSM,ITSM SaaS,per named user - SaaS ,453.21,PRP-00005844,Transition,USA List Prices 
BMC Helix Knowledge Management by ComAround - Professional,SaaS,ITSM,ITSM SaaS,per named user - SaaS ,256.3,PRP-00005832,Generally Available,USA List Prices 
BMC Helix Knowledge Management by ComAround - Professional with Self-Service,SaaS,ITSM,ITSM SaaS,per named user - SaaS ,269.43,PRP-00005837,Generally Available,USA List Prices 
BMC Helix Knowledge Management by ComAround - Team,SaaS,ITSM,ITSM SaaS,per named user - SaaS ,223.48,PRP-00005834,Transition,USA List Prices 
BMC Helix Multi-Cloud Broker,SaaS,ITSM,ITSM SaaS,per instance - SaaS ,5469.77,PRP-00007015,Generally Available,USA List Prices 
BMC Helix Multi-Cloud Broker on AWS,SaaS,ITSM,ITSM SaaS,per instance - SaaS ,5469.77,PRP-00007017,Transition,USA List Prices 
BMC Helix Multi-Cloud Broker on AWS (FedRAMP),SaaS,ITSM,ITSM SaaS,per instance - SaaS ,7876.47,PRP-00007011,Generally Available,USA List Prices 
BMC Helix Multi-Cloud Broker OnPrem,OPS,ITSM,ITSM On Prem,per instance ,6563.72,PRP-00006987,Generally Available,USA List Prices 
BMC Helix Multi-Cloud Broker OnPrem,Perpetual,ITSM,ITSM On Prem,per instance ,175032,PRP-00006989,Generally Available,USA List Prices 
BMC Helix Multi-Cloud Service Management with Two Premium Connectors on AWS,SaaS,ITSM,ITSM SaaS,per instance - SaaS ,9373.01,PRP-00004556,Transition,USA List Prices 
BMC Helix Multi-Cloud Service Management with Two Premium Connectors on BMC Cloud,SaaS,ITSM,ITSM SaaS,per instance - SaaS ,9373.01,PRP-00004555,Transition,USA List Prices 
BMC Helix Non-Standard Integration,SaaS,ITSM,ITSM SaaS,Each ,346.8,PRP-00004597,Generally Available,USA List Prices 
BMC Helix Non-Standard Integration (German Regulated Cloud),SaaS,ITSM,ITSM SaaS,Each ,416.19,PRP-00004605,Generally Available,USA List Prices 
BMC Helix Non-Standard Integration (Public Sector),SaaS,ITSM,ITSM SaaS,Each ,409.74,PRP-00004230,Transition,USA List Prices 
BMC Helix Non-Standard Integration on AWS,SaaS,ITSM,ITSM SaaS,Each ,346.8,PRP-00004603,Transition,USA List Prices 
BMC Helix Non-Standard Integration on AWS (DoD Impact Level 4),SaaS,ITSM,ITSM SaaS,Each ,491.68,PRP-00004231,Generally Available,USA List Prices 
BMC Helix Non-standard Integration on AWS (DoD Impact Level 4) - per ticket - SaaS,SaaS,ITSM,ITSM SaaS,per ticket - SaaS ,491.66,PRP-00011273,Controlled,USA List Prices 
BMC Helix Non-Standard Integration on AWS (DoD Impact Level 5),SaaS,ITSM,ITSM SaaS,Each ,590.02,PRP-00004599,Generally Available,USA List Prices 
BMC Helix Non-standard Integration on AWS (DoD Impact Level 5) - per ticket - SaaS,SaaS,ITSM,ITSM SaaS,per ticket - SaaS ,590,PRP-00011274,Controlled,USA List Prices 
BMC Helix Non-Standard Integration on AWS (FedRAMP),SaaS,ITSM,ITSM SaaS,Each ,409.74,PRP-00004232,Generally Available,USA List Prices 
BMC Helix Non-Standard Integration on Azure,SaaS,ITSM,ITSM SaaS,Each ,346.8,PRP-00004601,Transition,USA List Prices 
BMC Helix Operations Management - 1 GB Log Analytics (3 Day Retention),SaaS,ITOM,ITOM SaaS,Each ,62.51,PRP-00006982,Controlled,USA List Prices 
BMC Helix Operations Management - 1 GB Log Analytics (30 Day Retention),SaaS,ITOM,ITOM SaaS,Each ,625.12,PRP-00006976,Generally Available,USA List Prices 
BMC Helix Operations Management - 1 GB Log Analytics (30 Day Retention) (DoD Impact Level 4),SaaS,ITOM,ITOM SaaS,Each ,1080.22,PRP-00011058,Generally Available,USA List Prices 
BMC Helix Operations Management - 1 GB Log Analytics (30 Day Retention) (DoD Impact Level 5),SaaS,ITOM,ITOM SaaS,Each ,1296.24,PRP-00010810,Generally Available,USA List Prices 
BMC Helix Operations Management - 1 GB Log Analytics (30 Day Retention) (FedRAMP),SaaS,ITOM,ITOM SaaS,Each ,900.17,PRP-00006980,Generally Available,USA List Prices 
BMC Helix Operations Management - 1 GB Log Analytics (7 Day Retention),SaaS,ITOM,ITOM SaaS,Each ,146.28,PRP-00006978,Controlled,USA List Prices 
BMC Helix Operations Management - 1 GB Log Analytics Cold Storage,SaaS,ITOM,ITOM SaaS,Each ,252.55,PRP-00004872,Generally Available,USA List Prices 
BMC Helix Operations Management - 1 GB Log Analytics Cold Storage (DoD Impact Level 4),SaaS,ITOM,ITOM SaaS,Each ,436.37,PRP-00011059,Generally Available,USA List Prices 
BMC Helix Operations Management - 1 GB Log Analytics Cold Storage (FedRAMP),SaaS,ITOM,ITOM SaaS,Each ,363.67,PRP-00004873,Generally Available,USA List Prices 
BMC Helix Operations Management - AIOps Add-On - Resource Unit,SaaS,ITOM,ITOM SaaS,per resource unit - SaaS ,55.16,PRP-00006872,Transition,USA List Prices 
BMC Helix Operations Management - AIOps Add-On - Resource Unit (DoD Impact Level 4),SaaS,ITOM,ITOM SaaS,per resource unit - SaaS ,95.31,PRP-00011060,Generally Available,USA List Prices 
BMC Helix Operations Management - AIOps Add-On - Resource Unit (DoD Impact Level 5),SaaS,ITOM,ITOM SaaS,per resource unit - SaaS ,114.35,PRP-00010811,Generally Available,USA List Prices 
BMC Helix Operations Management - AIOps Add-On - Resource Unit (FedRAMP),SaaS,ITOM,ITOM SaaS,per resource unit - SaaS ,79.41,PRP-00006870,Generally Available,USA List Prices 
BMC Helix Operations Management - AIOps Add-on for Devices,SaaS,ITOM,ITOM SaaS,per asset - average device endpoint - SaaS ,11.34,PRP-00006864,Transition,USA List Prices 
BMC Helix Operations Management - AIOps Add-on for Devices (DoD Impact Level 4),SaaS,ITOM,ITOM SaaS,per asset - average device endpoint - SaaS ,19.53,PRP-00011061,Transition,USA List Prices 
BMC Helix Operations Management - AIOps Add-on for Devices (DoD Impact Level 5),SaaS,ITOM,ITOM SaaS,per asset - average device endpoint - SaaS ,23.42,PRP-00010812,Transition,USA List Prices 
BMC Helix Operations Management - AIOps Add-on for Devices (FedRAMP),SaaS,ITOM,ITOM SaaS,per asset - average device endpoint - SaaS ,16.29,PRP-00006867,Transition,USA List Prices 
BMC Helix Operations Management - AIOps Add-on for Serverless Assets (250-Pack),SaaS,ITOM,ITOM SaaS,per asset - average Serverless Asset - SaaS ,590.74,PRP-00006874,Transition,USA List Prices 
BMC Helix Operations Management - AIOps Add-on for Serverless Assets (250-Pack) (DoD Impact Level 4),SaaS,ITOM,ITOM SaaS,per asset - average Serverless Asset - SaaS ,1020.83,PRP-00011062,Transition,USA List Prices 
BMC Helix Operations Management - AIOps Add-on for Serverless Assets (250-Pack) (DoD Impact Level 5),SaaS,ITOM,ITOM SaaS,per asset - average Serverless Asset - SaaS ,1224.98,PRP-00010813,Transition,USA List Prices 
BMC Helix Operations Management - AIOps Add-on for Serverless Assets (250-Pack) (FedRAMP),SaaS,ITOM,ITOM SaaS,per asset - average Serverless Asset - SaaS ,850.66,PRP-00006866,Transition,USA List Prices 
BMC Helix Operations Management - AIOps Add-on for Servers,SaaS,ITOM,ITOM SaaS,per asset - average server endpoint - SaaS ,55.14,PRP-00006862,Transition,USA List Prices 
BMC Helix Operations Management - AIOps Add-on for Servers (DoD Impact Level 4),SaaS,ITOM,ITOM SaaS,per asset - average server endpoint - SaaS ,95.28,PRP-00011063,Transition,USA List Prices 
BMC Helix Operations Management - AIOps Add-on for Servers (DoD Impact Level 5),SaaS,ITOM,ITOM SaaS,per asset - average server endpoint - SaaS ,114.35,PRP-00010814,Transition,USA List Prices 
BMC Helix Operations Management - AIOps Add-on for Servers (FedRAMP),SaaS,ITOM,ITOM SaaS,per asset - average server endpoint - SaaS ,79.39,PRP-00006869,Transition,USA List Prices 
BMC Helix Operations Management - Event Management - Resource Unit,SaaS,ITOM,ITOM SaaS,per resource unit - SaaS ,65.64,PRP-00003611,Transition,USA List Prices 
BMC Helix Operations Management - Event Management - Resource Unit (DoD Impact Level 4),SaaS,ITOM,ITOM SaaS,per resource unit - SaaS ,113.43,PRP-00011064,Generally Available,USA List Prices 
BMC Helix Operations Management - Event Management - Resource Unit (DoD Impact Level 5),SaaS,ITOM,ITOM SaaS,per resource unit - SaaS ,136.1,PRP-00010815,Transition,USA List Prices 
BMC Helix Operations Management - Event Management - Resource Unit (FedRAMP),SaaS,ITOM,ITOM SaaS,per resource unit - SaaS ,94.52,PRP-00003610,Generally Available,USA List Prices 
BMC Helix Operations Management - Event Management for Devices,SaaS,ITOM,ITOM SaaS,per asset - average device endpoint - SaaS ,13.43,PRP-00003973,Transition,USA List Prices 
BMC Helix Operations Management - Event Management for Devices (DoD Impact Level 4),SaaS,ITOM,ITOM SaaS,per asset - average device endpoint - SaaS ,23.2,PRP-00011065,Transition,USA List Prices 
BMC Helix Operations Management - Event Management for Devices (DoD Impact Level 5),SaaS,ITOM,ITOM SaaS,per asset - average device endpoint - SaaS ,27.84,PRP-00010816,Transition,USA List Prices 
BMC Helix Operations Management - Event Management for Devices (FedRAMP),SaaS,ITOM,ITOM SaaS,per asset - average device endpoint - SaaS ,19.35,PRP-00003974,Transition,USA List Prices 
BMC Helix Operations Management - Event Management for Devices on BMC Cloud,SaaS,ITOM,ITOM SaaS,per asset - average device endpoint - SaaS ,13.43,PRP-00003975,Transition,USA List Prices 
BMC Helix Operations Management - Event Management for Serverless Assets (250-Pack),SaaS,ITOM,ITOM SaaS,per asset - average Serverless Asset - SaaS ,492.28,PRP-00003714,Transition,USA List Prices 
BMC Helix Operations Management - Event Management for Serverless Assets (250-Pack) (DoD Impact Level 4),SaaS,ITOM,ITOM SaaS,per asset - average Serverless Asset - SaaS ,850.62,PRP-00011066,Transition,USA List Prices 
BMC Helix Operations Management - Event Management for Serverless Assets (250-Pack) (DoD Impact Level 5),SaaS,ITOM,ITOM SaaS,per asset - average Serverless Asset - SaaS ,1020.77,PRP-00010817,Transition,USA List Prices 
BMC Helix Operations Management - Event Management for Serverless Assets (250-Pack) (FedRAMP),SaaS,ITOM,ITOM SaaS,per asset - average Serverless Asset - SaaS ,708.88,PRP-00003715,Transition,USA List Prices 
BMC Helix Operations Management - Event Management for Serverless Assets on BMC Cloud (250-Pack),SaaS,ITOM,ITOM SaaS,per asset - average Serverless Asset - SaaS ,492.28,PRP-00003713,Transition,USA List Prices 
BMC Helix Operations Management - Event Management for Servers,SaaS,ITOM,ITOM SaaS,per asset - average server endpoint - SaaS ,65.64,PRP-00003608,Transition,USA List Prices 
BMC Helix Operations Management - Event Management for Servers (DoD Impact Level 4),SaaS,ITOM,ITOM SaaS,per asset - average server endpoint - SaaS ,113.43,PRP-00011067,Transition,USA List Prices 
BMC Helix Operations Management - Event Management for Servers (DoD Impact Level 5),SaaS,ITOM,ITOM SaaS,per asset - average server endpoint - SaaS ,136.1,PRP-00010818,Transition,USA List Prices 
BMC Helix Operations Management - Event Management for Servers (FedRAMP),SaaS,ITOM,ITOM SaaS,per asset - average server endpoint - SaaS ,94.52,PRP-00003612,Transition,USA List Prices 
BMC Helix Operations Management - Event Management for Servers on BMC Cloud,SaaS,ITOM,ITOM SaaS,per asset - average server endpoint - SaaS ,65.64,PRP-00003609,Transition,USA List Prices 
BMC Helix Operations Management - Monitoring and Event Management - Resource Unit,SaaS,ITOM,ITOM SaaS,per resource unit - SaaS ,91.92,PRP-00002217,Transition,USA List Prices 
BMC Helix Operations Management - Monitoring and Event Management - Resource Unit (DoD Impact Level 4),SaaS,ITOM,ITOM SaaS,per resource unit - SaaS ,158.76,PRP-00011068,Generally Available,USA List Prices 
BMC Helix Operations Management - Monitoring and Event Management - Resource Unit (DoD Impact Level 5),SaaS,ITOM,ITOM SaaS,per resource unit - SaaS ,190.53,PRP-00010819,Generally Available,USA List Prices 
BMC Helix Operations Management - Monitoring and Event Management - Resource Unit (FedRAMP),SaaS,ITOM,ITOM SaaS,per resource unit - SaaS ,132.32,PRP-00002220,Generally Available,USA List Prices 
BMC Helix Operations Management - Monitoring and Event Management for Devices,SaaS,ITOM,ITOM SaaS,per asset - average device endpoint - SaaS ,18.9,PRP-00002838,Transition,USA List Prices 
BMC Helix Operations Management - Monitoring and Event Management for Devices (DoD Impact Level 4),SaaS,ITOM,ITOM SaaS,per asset - average device endpoint - SaaS ,32.67,PRP-00011069,Transition,USA List Prices 
BMC Helix Operations Management - Monitoring and Event Management for Devices (DoD Impact Level 5),SaaS,ITOM,ITOM SaaS,per asset - average device endpoint - SaaS ,39.17,PRP-00010820,Transition,USA List Prices 
BMC Helix Operations Management - Monitoring and Event Management for Devices (FedRAMP),SaaS,ITOM,ITOM SaaS,per asset - average device endpoint - SaaS ,27.18,PRP-00002840,Transition,USA List Prices 
BMC Helix Operations Management - Monitoring and Event Management for Devices on BMC Cloud,SaaS,ITOM,ITOM SaaS,per asset - average device endpoint - SaaS ,18.9,PRP-00002839,Transition,USA List Prices 
BMC Helix Operations Management - Monitoring and Event Management for Serverless Assets (250-Pack),SaaS,ITOM,ITOM SaaS,per asset - average Serverless Asset - SaaS ,984.56,PRP-00001677,Transition,USA List Prices 
BMC Helix Operations Management - Monitoring and Event Management for Serverless Assets (250-Pack) (DoD Impact Level 4),SaaS,ITOM,ITOM SaaS,per asset - average Serverless Asset - SaaS ,1701.3,PRP-00011070,Transition,USA List Prices 
BMC Helix Operations Management - Monitoring and Event Management for Serverless Assets (250-Pack) (DoD Impact Level 5),SaaS,ITOM,ITOM SaaS,per asset - average Serverless Asset - SaaS ,2041.55,PRP-00010821,Transition,USA List Prices 
BMC Helix Operations Management - Monitoring and Event Management for Serverless Assets (250-Pack) (FedRAMP),SaaS,ITOM,ITOM SaaS,per asset - average Serverless Asset - SaaS ,1417.77,PRP-00001679,Transition,USA List Prices 
BMC Helix Operations Management - Monitoring and Event Management for Serverless Assets on BMC Cloud (250-Pack),SaaS,ITOM,ITOM SaaS,per asset - average Serverless Asset - SaaS ,984.56,PRP-00001678,Transition,USA List Prices 
BMC Helix Operations Management - Monitoring and Event Management for Servers,SaaS,ITOM,ITOM SaaS,per asset - average server endpoint - SaaS ,91.89,PRP-00002221,Transition,USA List Prices 
BMC Helix Operations Management - Monitoring and Event Management for Servers (DoD Impact Level 4),SaaS,ITOM,ITOM SaaS,per asset - average server endpoint - SaaS ,158.76,PRP-00011071,Transition,USA List Prices 
BMC Helix Operations Management - Monitoring and Event Management for Servers (DoD Impact Level 5),SaaS,ITOM,ITOM SaaS,per asset - average server endpoint - SaaS ,190.53,PRP-00010822,Transition,USA List Prices 
BMC Helix Operations Management - Monitoring and Event Management for Servers (FedRAMP),SaaS,ITOM,ITOM SaaS,per asset - average server endpoint - SaaS ,132.32,PRP-00002219,Transition,USA List Prices 
BMC Helix Operations Management - Monitoring and Event Management for Servers on BMC Cloud,SaaS,ITOM,ITOM SaaS,per asset - average server endpoint - SaaS ,91.89,PRP-00002218,Transition,USA List Prices 
BMC Helix Operations Management OnPrem - AIOps Add-on - Resource Unit,OPS,ITOM,ITOM On Prem,per resource unit ,48.57,PRP-00007087,Transition,USA List Prices 
BMC Helix Operations Management OnPrem - AIOps Add-on - Resource Unit,Perpetual,ITOM,ITOM On Prem,per resource unit ,1457,PRP-00007088,Transition,USA List Prices 
BMC Helix Operations Management OnPrem - AIOps Add-on for Devices,OPS,ITOM,ITOM On Prem,per managed asset - average Device Endpoint ,6.56,PRP-00007091,Transition,USA List Prices 
BMC Helix Operations Management OnPrem - AIOps Add-on for Devices,Perpetual,ITOM,ITOM On Prem,per managed asset - average Device Endpoint ,197,PRP-00007092,Transition,USA List Prices 
BMC Helix Operations Management OnPrem - AIOps Add-on for Serverless Assets (250-Pack),OPS,ITOM,ITOM On Prem,per managed asset - average Serverless Asset ,393.82,PRP-00007085,Transition,USA List Prices 
BMC Helix Operations Management OnPrem - AIOps Add-on for Serverless Assets (250-Pack),Perpetual,ITOM,ITOM On Prem,per managed asset - average Serverless Asset ,11815,PRP-00007086,Transition,USA List Prices 
BMC Helix Operations Management OnPrem - AIOps Add-on for Servers,OPS,ITOM,ITOM On Prem,per managed asset - average Server Endpoint ,48.57,PRP-00007089,Transition,USA List Prices 
BMC Helix Operations Management OnPrem - AIOps Add-on for Servers,Perpetual,ITOM,ITOM On Prem,per managed asset - average Server Endpoint ,1457,PRP-00007090,Transition,USA List Prices 
BMC Helix Operations Management OnPrem - Event Management - Resource Unit,OPS,ITOM,ITOM On Prem,per resource unit ,45.95,PRP-00007098,Transition,USA List Prices 
BMC Helix Operations Management OnPrem - Event Management - Resource Unit,Perpetual,ITOM,ITOM On Prem,per resource unit ,1378,PRP-00007099,Transition,USA List Prices 
BMC Helix Operations Management OnPrem - Event Management for Devices,OPS,ITOM,ITOM On Prem,per managed asset - average Device Endpoint ,9.19,PRP-00007104,Transition,USA List Prices 
BMC Helix Operations Management OnPrem - Event Management for Devices,Perpetual,ITOM,ITOM On Prem,per managed asset - average Device Endpoint ,276,PRP-00007105,Transition,USA List Prices 
BMC Helix Operations Management OnPrem - Event Management for Serverless Assets (250-Pack),OPS,ITOM,ITOM On Prem,per managed asset - average Serverless Asset ,328.19,PRP-00007100,Transition,USA List Prices 
BMC Helix Operations Management OnPrem - Event Management for Serverless Assets (250-Pack),Perpetual,ITOM,ITOM On Prem,per managed asset - average Serverless Asset ,9846,PRP-00007101,Transition,USA List Prices 
BMC Helix Operations Management OnPrem - Event Management for Servers,OPS,ITOM,ITOM On Prem,per managed asset - average Server Endpoint ,45.95,PRP-00007102,Transition,USA List Prices 
BMC Helix Operations Management OnPrem - Event Management for Servers,Perpetual,ITOM,ITOM On Prem,per managed asset - average Server Endpoint ,1378,PRP-00007103,Transition,USA List Prices 
BMC Helix Operations Management OnPrem - Monitoring and Event Management - Resource Unit,OPS,ITOM,ITOM On Prem,per resource unit ,78.76,PRP-00007033,Transition,USA List Prices 
BMC Helix Operations Management OnPrem - Monitoring and Event Management - Resource Unit,Perpetual,ITOM,ITOM On Prem,per resource unit ,2363,PRP-00007034,Transition,USA List Prices 
BMC Helix Operations Management OnPrem - Monitoring and Event Management for Devices,OPS,ITOM,ITOM On Prem,per managed asset - average Device Endpoint ,13.13,PRP-00007031,Transition,USA List Prices 
BMC Helix Operations Management OnPrem - Monitoring and Event Management for Devices,Perpetual,ITOM,ITOM On Prem,per managed asset - average Device Endpoint ,394,PRP-00007032,Transition,USA List Prices 
BMC Helix Operations Management OnPrem - Monitoring and Event Management for Serverless Assets (250-Pack),OPS,ITOM,ITOM On Prem,per managed asset - average Serverless Asset ,722.01,PRP-00007037,Transition,USA List Prices 
BMC Helix Operations Management OnPrem - Monitoring and Event Management for Serverless Assets (250-Pack),Perpetual,ITOM,ITOM On Prem,per managed asset - average Serverless Asset ,21660,PRP-00007038,Transition,USA List Prices 
BMC Helix Operations Management OnPrem - Monitoring and Event Management for Servers,OPS,ITOM,ITOM On Prem,per managed asset - average Server Endpoint ,78.76,PRP-00007035,Transition,USA List Prices 
BMC Helix Operations Management OnPrem - Monitoring and Event Management for Servers,Perpetual,ITOM,ITOM On Prem,per managed asset - average Server Endpoint ,2363,PRP-00007036,Transition,USA List Prices 
BMC Helix Platform,SaaS,ITSM,ITSM SaaS,per enterprise - SaaS ,5579.17,PRP-00001667,Generally Available,USA List Prices 
BMC Helix Platform on AWS,SaaS,ITSM,ITSM SaaS,per enterprise - SaaS ,5579.17,PRP-00001668,Transition,USA List Prices 
BMC Helix Platform on AWS (DoD Impact Level 4),SaaS,ITSM,ITSM SaaS,per enterprise - SaaS ,8034,PRP-00001664,Generally Available,USA List Prices 
BMC Helix Platform on AWS (FedRAMP Impact Level 4) - per ticket - SaaS,SaaS,ITSM,ITSM SaaS,per ticket - SaaS ,8033.97,PRP-00011275,Controlled,USA List Prices 
BMC Helix Platform on AWS (FedRAMP Impact Level 5) - per ticket - SaaS,SaaS,ITSM,ITSM SaaS,per ticket - SaaS ,9640.77,PRP-00011276,Controlled,USA List Prices 
BMC Helix Platform on AWS (FedRAMP),SaaS,ITSM,ITSM SaaS,per enterprise - SaaS ,6694.98,PRP-00001665,Generally Available,USA List Prices 
BMC Helix Platform on Azure,SaaS,ITSM,ITSM SaaS,per enterprise - SaaS ,5579.15,PRP-00001666,Transition,USA List Prices 
BMC Helix Portfolio Management - Concurrent User - MarketZone,SaaS,ITSM,ITSM SaaS,per concurrent user - SaaS ,350.07,PRP-00006884,Generally Available,USA List Prices 
BMC Helix Portfolio Management - Named User - MarketZone,SaaS,ITSM,ITSM SaaS,per named user - SaaS ,126.02,PRP-00006889,Generally Available,USA List Prices 
BMC Helix Portfolio Management (DoD Impact Level 4) - Concurrent User - MarketZone,SaaS,ITSM,ITSM SaaS,per concurrent user - SaaS ,604.88,PRP-00011279,Generally Available,USA List Prices 
BMC Helix Portfolio Management (DoD Impact Level 4) - Named User - MarketZone,SaaS,ITSM,ITSM SaaS,per named user - SaaS ,217.77,PRP-00011280,Generally Available,USA List Prices 
BMC Helix Portfolio Management (DoD Impact Level 5) - Concurrent User - MarketZone,SaaS,ITSM,ITSM SaaS,per concurrent user - SaaS ,725.85,PRP-00011281,Generally Available,USA List Prices 
BMC Helix Portfolio Management (DoD Impact Level 5) - Named User - MarketZone,SaaS,ITSM,ITSM SaaS,per named user - SaaS ,261.35,PRP-00011282,Generally Available,USA List Prices 
BMC Helix Portfolio Management (FedRAMP) - Concurrent User - MarketZone,SaaS,ITSM,ITSM SaaS,per concurrent user - SaaS ,504.09,PRP-00006885,Generally Available,USA List Prices 
BMC Helix Portfolio Management (FedRAMP) - Named User - MarketZone,SaaS,ITSM,ITSM SaaS,per named user - SaaS ,181.47,PRP-00006887,Generally Available,USA List Prices 
BMC Helix Portfolio Management OnPrem - Concurrent User - MarketZone,OPS,ITSM,ITSM On Prem,per concurrent user ,378.08,PRP-00007314,Controlled,USA List Prices 
BMC Helix Portfolio Management OnPrem - Named User - MarketZone,OPS,ITSM,ITSM On Prem,per named user ,126.02,PRP-00007315,Controlled,USA List Prices 
BMC Helix Premier incl. in Subscription - Netreo,OPS,ITOM,ITOM On Prem,Each ,0,PRP-00013213,Generally Available,USA List Prices 
BMC Helix Premier incl. in Subscription - Netreo,Perpetual,ITOM,ITOM On Prem,Each ,0,PRP-00013214,Generally Available,USA List Prices 
BMC Helix Premier Support - Partner,OPS,ITSM,ITSM On Prem,Each ,2916.67,PRP-00006965,Generally Available,USA List Prices 
BMC Helix Premier Support - Partner,Perpetual,ITSM,ITSM On Prem,Each ,35000,PRP-00006967,Generally Available,USA List Prices 
BMC Helix Premier Support - Partner - SaaS,SaaS,ITSM,ITSM SaaS,Each ,2917,PRP-00006838,Generally Available,USA List Prices 
BMC Helix Premier Support Gold - Automation for Servers,OPS,Remediate,Remediate On Prem,Each ,13333.33,PRP-00006920,Generally Available,USA List Prices 
BMC Helix Premier Support Gold - Automation for Servers,Perpetual,Remediate,Remediate On Prem,Each ,160000,PRP-00006922,Generally Available,USA List Prices 
BMC Helix Premier Support Gold - Automation for Servers - SaaS,SaaS,Other DSOM,Other On Prem,Each ,13333,PRP-00006717,Generally Available,USA List Prices 
BMC Helix Premier Support Gold - Capacity Optimization,OPS,ITOM,ITOM On Prem,Each ,13333.33,PRP-00006924,Generally Available,USA List Prices 
BMC Helix Premier Support Gold - Capacity Optimization,Perpetual,ITOM,ITOM On Prem,Each ,160000,PRP-00006927,Generally Available,USA List Prices 
BMC Helix Premier Support Gold - Capacity Optimization - SaaS,SaaS,ITOM,ITOM SaaS,Each ,13333,PRP-00005984,Generally Available,USA List Prices 
BMC Helix Premier Support Gold - Discovery,OPS,ITOM,ITOM On Prem,Each ,13333.33,PRP-00006929,Generally Available,USA List Prices 
BMC Helix Premier Support Gold - Discovery,Perpetual,ITOM,ITOM On Prem,Each ,160000,PRP-00006931,Generally Available,USA List Prices 
BMC Helix Premier Support Gold - Discovery - SaaS,SaaS,ITOM,ITOM SaaS,Each ,13333,PRP-00005985,Generally Available,USA List Prices 
BMC Helix Premier Support Gold - ITSM,OPS,ITSM,ITSM On Prem,Each ,13333.33,PRP-00006522,Generally Available,USA List Prices 
BMC Helix Premier Support Gold - ITSM,Perpetual,ITSM,ITSM On Prem,Each ,160000,PRP-00006526,Generally Available,USA List Prices 
BMC Helix Premier Support Gold - ITSM - SaaS,SaaS,ITSM,ITSM SaaS,Each ,13333,PRP-00005986,Generally Available,USA List Prices 
BMC Helix Premier Support Gold - Network Automation,OPS,Remediate,Remediate On Prem,Each ,13333.33,PRP-00006529,Generally Available,USA List Prices 
BMC Helix Premier Support Gold - Network Automation,Perpetual,Remediate,Remediate On Prem,Each ,160000,PRP-00006531,Generally Available,USA List Prices 
BMC Helix Premier Support Gold - Network Automation - SaaS,SaaS,Other DSOM,Other On Prem,Each ,13333,PRP-00005987,Generally Available,USA List Prices 
BMC Helix Premier Support Gold - Operations Management,OPS,ITOM,ITOM On Prem,Each ,13333.33,PRP-00006533,Generally Available,USA List Prices 
BMC Helix Premier Support Gold - Operations Management,Perpetual,ITOM,ITOM On Prem,Each ,160000,PRP-00006536,Generally Available,USA List Prices 
BMC Helix Premier Support Gold - Operations Management - SaaS,SaaS,ITOM,ITOM SaaS,Each ,13333,PRP-00005989,Generally Available,USA List Prices 
BMC Helix Premier Support Gold - Orchestrator,OPS,Remediate,Remediate On Prem,Each ,13333.33,PRP-00006596,Generally Available,USA List Prices 
BMC Helix Premier Support Gold - Orchestrator,Perpetual,Remediate,Remediate On Prem,Each ,160000,PRP-00006599,Generally Available,USA List Prices 
BMC Helix Premier Support Gold - Orchestrator - SaaS,SaaS,Other DSOM,Other On Prem,Each ,13333,PRP-00005991,Generally Available,USA List Prices 
BMC Helix Premier Support Management - Capacity Optimization - SaaS - Group 1 - Federal,SaaS,ITOM,ITOM SaaS,Each ,5500,PRP-00010935,Generally Available,USA List Prices 
BMC Helix Premier Support Management - ITSM - Group 1,OPS,ITSM,ITSM On Prem,Each ,7375,PRP-00010651,Generally Available,USA List Prices 
BMC Helix Premier Support Management - ITSM - Group 1,Perpetual,ITSM,ITSM On Prem,Each ,88500,PRP-00010652,Generally Available,USA List Prices 
BMC Helix Premier Support Management - ITSM - SaaS - Group 1,SaaS,ITSM,ITSM SaaS,Each ,7375,PRP-00010928,Generally Available,USA List Prices 
BMC Helix Premier Support Management - Operations Management - Group 1,OPS,ITOM,ITOM On Prem,Each ,7375,PRP-00010675,Generally Available,USA List Prices 
BMC Helix Premier Support Management - Operations Management - Group 1,Perpetual,ITOM,ITOM On Prem,Each ,88500,PRP-00010676,Generally Available,USA List Prices 
BMC Helix Premier Support Management - Operations Management - SaaS - Group 1,SaaS,ITOM,ITOM SaaS,Each ,7375,PRP-00010904,Generally Available,USA List Prices 
BMC Helix Premier Support Management - Operations Management - SaaS - Group 1 - Federal,SaaS,ITOM,ITOM SaaS,Each ,5500,PRP-00010905,Generally Available,USA List Prices 
BMC Helix Premier Support Management - ServiceOps - Group 1,OPS,Other DSOM,Other On Prem,Each ,11062.5,PRP-00015524,Generally Available,USA List Prices 
BMC Helix Premier Support Management - ServiceOps - Group 1,Perpetual,Other DSOM,Other On Prem,Each ,132750,PRP-00015525,Generally Available,USA List Prices 
BMC Helix Premier Support Management - ServiceOps - SaaS - Group 1,SaaS,Other DSOM,Other SaaS,Each ,11062.5,PRP-00015534,Generally Available,USA List Prices 
BMC Helix Premier Support Product Add-On - Automation for Servers,OPS,Remediate,Remediate On Prem,Each ,6666.67,PRP-00006637,Generally Available,USA List Prices 
BMC Helix Premier Support Product Add-On - Automation for Servers,Perpetual,Remediate,Remediate On Prem,Each ,80000,PRP-00006639,Generally Available,USA List Prices 
BMC Helix Premier Support Product Add-On - Automation for Servers - SaaS,SaaS,Other DSOM,Other On Prem,Each ,6667,PRP-00006848,Generally Available,USA List Prices 
BMC Helix Premier Support Product Add-On - Capacity Optimization,OPS,ITOM,ITOM On Prem,Each ,6666.67,PRP-00006642,Generally Available,USA List Prices 
BMC Helix Premier Support Product Add-On - Capacity Optimization,Perpetual,ITOM,ITOM On Prem,Each ,80000,PRP-00006645,Generally Available,USA List Prices 
BMC Helix Premier Support Product Add-On - Capacity Optimization - SaaS,SaaS,ITOM,ITOM SaaS,Each ,6667,PRP-00006849,Generally Available,USA List Prices 
BMC Helix Premier Support Product Add-On - Discovery,OPS,ITOM,ITOM On Prem,Each ,6666.67,PRP-00006648,Generally Available,USA List Prices 
BMC Helix Premier Support Product Add-On - Discovery,Perpetual,ITOM,ITOM On Prem,Each ,80000,PRP-00006651,Generally Available,USA List Prices 
BMC Helix Premier Support Product Add-On - Discovery - SaaS,SaaS,ITOM,ITOM SaaS,Each ,6667,PRP-00006003,Generally Available,USA List Prices 
BMC Helix Premier Support Product Add-On - ITSM,OPS,ITSM,ITSM On Prem,Each ,6666.67,PRP-00006654,Generally Available,USA List Prices 
BMC Helix Premier Support Product Add-On - ITSM,Perpetual,ITSM,ITSM On Prem,Each ,80000,PRP-00006657,Generally Available,USA List Prices 
BMC Helix Premier Support Product Add-On - ITSM - SaaS,SaaS,ITSM,ITSM SaaS,Each ,6667,PRP-00006005,Generally Available,USA List Prices 
BMC Helix Premier Support Product Add-On - Network Automation,OPS,Remediate,Remediate On Prem,Each ,6666.67,PRP-00006660,Generally Available,USA List Prices 
BMC Helix Premier Support Product Add-On - Network Automation,Perpetual,Remediate,Remediate On Prem,Each ,80000,PRP-00006663,Generally Available,USA List Prices 
BMC Helix Premier Support Product Add-On - Network Automation - SaaS,SaaS,Other DSOM,Other On Prem,Each ,6667,PRP-00006008,Generally Available,USA List Prices 
BMC Helix Premier Support Product Add-On - Operations Management,OPS,ITOM,ITOM On Prem,Each ,6666.67,PRP-00006666,Generally Available,USA List Prices 
BMC Helix Premier Support Product Add-On - Operations Management,Perpetual,ITOM,ITOM On Prem,Each ,80000,PRP-00006669,Generally Available,USA List Prices 
BMC Helix Premier Support Product Add-On - Operations Management - SaaS,SaaS,ITOM,ITOM SaaS,Each ,6667,PRP-00006010,Generally Available,USA List Prices 
BMC Helix Premier Support Product Add-On - Orchestrator,OPS,Remediate,Remediate On Prem,Each ,6666.67,PRP-00006671,Generally Available,USA List Prices 
BMC Helix Premier Support Product Add-On - Orchestrator,Perpetual,Remediate,Remediate On Prem,Each ,80000,PRP-00006673,Generally Available,USA List Prices 
BMC Helix Premier Support Product Add-On - Orchestrator - SaaS,SaaS,Other DSOM,Other On Prem,Each ,6667,PRP-00006012,Generally Available,USA List Prices 
BMC Helix Premier Support Technical - Automation for Servers - Group 1,OPS,Remediate,Remediate On Prem,Each ,7375,PRP-00010699,Generally Available,USA List Prices 
BMC Helix Premier Support Technical - Automation for Servers - Group 1,Perpetual,Remediate,Remediate On Prem,Each ,88500,PRP-00010700,Generally Available,USA List Prices 
BMC Helix Premier Support Technical - Automation for Servers - SaaS - Group 1,SaaS,ITOM,ITOM SaaS,Each ,7375,PRP-00010976,Generally Available,USA List Prices 
BMC Helix Premier Support Technical - Automation for Servers - SaaS - Group 1 - Federal,SaaS,ITOM,ITOM SaaS,Each ,5500,PRP-00010977,Generally Available,USA List Prices 
BMC Helix Premier Support Technical - Capacity Optimization - Group 1,OPS,ITOM,ITOM On Prem,Each ,7375,PRP-00010711,Generally Available,USA List Prices 
BMC Helix Premier Support Technical - Capacity Optimization - Group 1,Perpetual,ITOM,ITOM On Prem,Each ,88500,PRP-00010712,Generally Available,USA List Prices 
BMC Helix Premier Support Technical - Capacity Optimization - SaaS - Group 1,SaaS,ITOM,ITOM SaaS,Each ,7375,PRP-00010970,Generally Available,USA List Prices 
BMC Helix Premier Support Technical - Capacity Optimization - SaaS - Group 1 - Federal,SaaS,ITOM,ITOM SaaS,Each ,5500,PRP-00010971,Generally Available,USA List Prices 
BMC Helix Premier Support Technical - Discovery - Group 1,OPS,ITOM,ITOM On Prem,Each ,7375,PRP-00010723,Generally Available,USA List Prices 
BMC Helix Premier Support Technical - Discovery - Group 1,Perpetual,ITOM,ITOM On Prem,Each ,88500,PRP-00010724,Generally Available,USA List Prices 
BMC Helix Premier Support Technical - Discovery - SaaS - Group 1,SaaS,ITOM,ITOM SaaS,Each ,7375,PRP-00010964,Generally Available,USA List Prices 
BMC Helix Premier Support Technical - ITSM - Group 1,OPS,ITSM,ITSM On Prem,Each ,7375,PRP-00010735,Generally Available,USA List Prices 
BMC Helix Premier Support Technical - ITSM - Group 1,Perpetual,ITSM,ITSM On Prem,Each ,88500,PRP-00010736,Generally Available,USA List Prices 
BMC Helix Premier Support Technical - ITSM - SaaS - Group 1,SaaS,ITSM,ITSM SaaS,Each ,7375,PRP-00010958,Generally Available,USA List Prices 
BMC Helix Premier Support Technical - Netreo - Group 1,OPS,ITOM,ITOM On Prem,Each ,7375,PRP-00013233,Generally Available,USA List Prices 
BMC Helix Premier Support Technical - Netreo - Group 1,Perpetual,ITOM,ITOM On Prem,Each ,88500,PRP-00013234,Generally Available,USA List Prices 
BMC Helix Premier Support Technical - Netreo - Group 1 - Federal,OPS,ITOM,ITOM On Prem,Each ,5500,PRP-00013235,Generally Available,USA List Prices 
BMC Helix Premier Support Technical - Netreo - Group 1 - Federal,Perpetual,ITOM,ITOM On Prem,Each ,66000,PRP-00013236,Generally Available,USA List Prices 
BMC Helix Premier Support Technical - Netreo SaaS - Group 1,SaaS,ITOM,ITOM SaaS,Each ,7375,PRP-00013245,Generally Available,USA List Prices 
BMC Helix Premier Support Technical - Netreo SaaS - Group 1 - Federal,SaaS,ITOM,ITOM SaaS,Each ,5500,PRP-00013246,Generally Available,USA List Prices 
BMC Helix Premier Support Technical - Network Automation - Group 1,OPS,Remediate,Remediate On Prem,Each ,7375,PRP-00010747,Generally Available,USA List Prices 
BMC Helix Premier Support Technical - Network Automation - Group 1,Perpetual,Remediate,Remediate On Prem,Each ,88500,PRP-00010748,Generally Available,USA List Prices 
BMC Helix Premier Support Technical - Network Automation - SaaS - Group 1,SaaS,ITOM,ITOM SaaS,Each ,7375,PRP-00010946,Generally Available,USA List Prices 
BMC Helix Premier Support Technical - Network Automation - SaaS - Group 1 - Federal,SaaS,ITOM,ITOM SaaS,Each ,5500,PRP-00010947,Generally Available,USA List Prices 
BMC Helix Premier Support Technical - Operations Management - Group 1,OPS,ITOM,ITOM On Prem,Each ,7375,PRP-00010759,Generally Available,USA List Prices 
BMC Helix Premier Support Technical - Operations Management - Group 1,Perpetual,ITOM,ITOM On Prem,Each ,88500,PRP-00010760,Generally Available,USA List Prices 
BMC Helix Premier Support Technical - Operations Management - SaaS - Group 1,SaaS,ITOM,ITOM SaaS,Each ,7375,PRP-00010940,Generally Available,USA List Prices 
BMC Helix Premier Support Technical - Operations Management - SaaS - Group 1 - Federal,SaaS,ITOM,ITOM SaaS,Each ,5500,PRP-00010941,Generally Available,USA List Prices 
BMC Helix Premier Support Technical - Orchestrator - Group 1,OPS,Remediate,Remediate On Prem,Each ,7375,PRP-00010771,Generally Available,USA List Prices 
BMC Helix Premier Support Technical - Orchestrator - Group 1,Perpetual,Remediate,Remediate On Prem,Each ,88500,PRP-00010772,Generally Available,USA List Prices 
BMC Helix Premier Support Technical - Orchestrator - SaaS - Group 1,SaaS,ITOM,ITOM SaaS,Each ,7375,PRP-00010952,Generally Available,USA List Prices 
BMC Helix Professional Services Pre - Paid Deposit Service,Service,Services,PS Consulting,Each ,100,PRP-00014223,Controlled,USA List Prices 
BMC Helix Remedyforce Service Desk,SaaS,ITSM,ITSM SaaS Remedyforce,per named user - SaaS ,213.81,PRP-00003936,Withdrawn,USA List Prices 
BMC Helix Remedyforce Service Desk - Additional Data Storage 500MB,SaaS,ITSM,ITSM SaaS Remedyforce,Each ,267.24,PRP-00003149,Withdrawn,USA List Prices 
BMC Helix Remedyforce Service Desk - Additional File Storage 1GB,SaaS,ITSM,ITSM SaaS Remedyforce,Each ,53.44,PRP-00001287,Withdrawn,USA List Prices 
BMC Helix Remedyforce Service Desk - Casual User,SaaS,ITSM,ITSM SaaS Remedyforce,per named user - SaaS ,143.65,PRP-00006046,Withdrawn,USA List Prices 
BMC Helix Remedyforce Service Desk - Sandbox,SaaS,ITSM,ITSM SaaS Remedyforce,per named user - SaaS ,20.05,PRP-00003976,Withdrawn,USA List Prices 
BMC Helix Remedyforce Service Desk Event Monitoring - Add-On,SaaS,ITSM,ITSM SaaS Remedyforce,per named user - SaaS ,20.76,PRP-00001461,Withdrawn,USA List Prices 
BMC Helix Remedyforce Service Desk Event Monitoring - Casual User - Add-On,SaaS,ITSM,ITSM SaaS Remedyforce,per named user - SaaS ,13.96,PRP-00004177,Withdrawn,USA List Prices 
BMC Helix Remedyforce Service Desk Field Audit Trail - Add-On,SaaS,ITSM,ITSM SaaS Remedyforce,per named user - SaaS ,20.76,PRP-00001467,Withdrawn,USA List Prices 
BMC Helix Remedyforce Service Desk Field Audit Trail - Casual User - Add-On,SaaS,ITSM,ITSM SaaS Remedyforce,per named user - SaaS ,13.96,PRP-00004621,Withdrawn,USA List Prices 
BMC Helix Remedyforce Service Desk Platform Encryption - Add-On,SaaS,ITSM,ITSM SaaS Remedyforce,per named user - SaaS ,41.27,PRP-00003233,Withdrawn,USA List Prices 
BMC Helix Remedyforce Service Desk Platform Encryption - Casual User - Add-On,SaaS,ITSM,ITSM SaaS Remedyforce,per named user - SaaS ,27.52,PRP-00001943,Withdrawn,USA List Prices 
BMC Helix Remedyforce Service Desk Shield - Add-On,SaaS,ITSM,ITSM SaaS Remedyforce,per named user - SaaS ,62.27,PRP-00001468,Withdrawn,USA List Prices 
BMC Helix Remedyforce Service Desk Shield - Casual User - Add-On,SaaS,ITSM,ITSM SaaS Remedyforce,per named user - SaaS ,41.85,PRP-00004659,Withdrawn,USA List Prices 
BMC Helix Service Management - Advanced - Concurrent User,SaaS,ITSM,ITSM SaaS,per concurrent user - SaaS ,1221.87,PRP-00004882,Withdrawn,USA List Prices 
BMC Helix Service Management - Advanced - Named User,SaaS,ITSM,ITSM SaaS,per named user - SaaS ,407.31,PRP-00004883,Withdrawn,USA List Prices 
BMC Helix Service Management - Standard - Concurrent User,SaaS,ITSM,ITSM SaaS,per concurrent user - SaaS ,930.73,PRP-00004880,Withdrawn,USA List Prices 
BMC Helix Service Management - Standard - Named User,SaaS,ITSM,ITSM SaaS,per named user - SaaS ,310.24,PRP-00004881,Withdrawn,USA List Prices 
BMC Helix Service Management (German Regulated Cloud) - Advanced - Concurrent User,SaaS,ITSM,ITSM SaaS,per concurrent user - SaaS ,1466.25,PRP-00010434,Controlled,USA List Prices 
BMC Helix Service Management (German Regulated Cloud) - Advanced - Named User,SaaS,ITSM,ITSM SaaS,per named user - SaaS ,488.77,PRP-00010433,Controlled,USA List Prices 
BMC Helix Service Management (German Regulated Cloud) - Standard - Concurrent User,SaaS,ITSM,ITSM SaaS,per concurrent user - SaaS ,1116.88,PRP-00010430,Withdrawn,USA List Prices 
BMC Helix Service Management (German Regulated Cloud) - Standard - Named User,SaaS,ITSM,ITSM SaaS,per named user - SaaS ,372.29,PRP-00010429,Withdrawn,USA List Prices 
BMC Helix Service Management Basic - Concurrent User MSP,SaaS,ITSM,ITSM SaaS,per concurrent user - SaaS ,135.07,PRP-00015021,Controlled,USA List Prices 
BMC Helix Service Management Basic - Named User MSP,SaaS,ITSM,ITSM SaaS,per named user - SaaS ,45.02,PRP-00015022,Controlled,USA List Prices 
BMC Helix Service Management Basic OnPrem - Concurrent User MSP,OPS,ITSM,ITSM On Prem,per concurrent user ,135.07,PRP-00015015,Controlled,USA List Prices 
BMC Helix Service Management Basic OnPrem - Named User MSP,OPS,ITSM,ITSM On Prem,per named user ,45.02,PRP-00015016,Controlled,USA List Prices 
BMC Helix Service Management for Telco - Concurrent User,SaaS,ITSM,ITSM SaaS,per concurrent user - SaaS ,960.76,PRP-00014329,Withdrawn,USA List Prices 
BMC Helix Service Management for Telco - Named User,SaaS,ITSM,ITSM SaaS,per named user - SaaS ,320.29,PRP-00014330,Withdrawn,USA List Prices 
BMC Helix Service Management for Telco OnPrem - Concurrent User,OPS,ITSM,ITSM On Prem,per concurrent user ,978.56,PRP-00014331,Withdrawn,USA List Prices 
BMC Helix Service Management for Telco OnPrem - Named User,OPS,ITSM,ITSM On Prem,per named user ,326.18,PRP-00014332,Withdrawn,USA List Prices 
BMC Helix Service Management on AWS (DoD Impact Level 4) - Advanced - Concurrent User,SaaS,ITSM,ITSM SaaS,per concurrent user - SaaS ,2111.38,PRP-00011072,Withdrawn,USA List Prices 
BMC Helix Service Management on AWS (DoD Impact Level 4) - Advanced - Named User,SaaS,ITSM,ITSM SaaS,per named user - SaaS ,703.86,PRP-00011135,Withdrawn,USA List Prices 
BMC Helix Service Management on AWS (DoD Impact Level 4) - Standard - Concurrent User,SaaS,ITSM,ITSM SaaS,per concurrent user - SaaS ,1608.32,PRP-00011074,Withdrawn,USA List Prices 
BMC Helix Service Management on AWS (DoD Impact Level 4) - Standard - Named User,SaaS,ITSM,ITSM SaaS,per named user - SaaS ,536.09,PRP-00011075,Withdrawn,USA List Prices 
BMC Helix Service Management on AWS (DoD Impact Level 5) - Advanced - Concurrent User,SaaS,ITSM,ITSM SaaS,per concurrent user - SaaS ,2533.68,PRP-00010842,Withdrawn,USA List Prices 
BMC Helix Service Management on AWS (DoD Impact Level 5) - Advanced - Concurrent User - per ticket  - SaaS,SaaS,ITSM,ITSM SaaS,per ticket - SaaS ,2533.7,PRP-00013953,Withdrawn,USA List Prices 
BMC Helix Service Management on AWS (DoD Impact Level 5) - Advanced - Named User,SaaS,ITSM,ITSM SaaS,per named user - SaaS ,844.6,PRP-00010841,Withdrawn,USA List Prices 
BMC Helix Service Management on AWS (DoD Impact Level 5) - Advanced - Named User - per ticket - SaaS,SaaS,ITSM,ITSM SaaS,per ticket - SaaS ,844.62,PRP-00013954,Withdrawn,USA List Prices 
BMC Helix Service Management on AWS (DoD Impact Level 5) - Standard - Concurrent User,SaaS,ITSM,ITSM SaaS,per concurrent user - SaaS ,1929.96,PRP-00010840,Withdrawn,USA List Prices 
BMC Helix Service Management on AWS (DoD Impact Level 5) - Standard - Concurrent User - per ticket - SaaS,SaaS,ITSM,ITSM SaaS,per ticket - SaaS ,1929.95,PRP-00013955,Withdrawn,USA List Prices 
BMC Helix Service Management on AWS (DoD Impact Level 5) - Standard - Named User,SaaS,ITSM,ITSM SaaS,per named user - SaaS ,643.32,PRP-00010839,Withdrawn,USA List Prices 
BMC Helix Service Management on AWS (DoD Impact Level 5) - Standard - Named User - per ticket - SaaS,SaaS,ITSM,ITSM SaaS,per ticket - SaaS ,643.34,PRP-00013956,Withdrawn,USA List Prices 
BMC Helix Service Management on AWS (FedRAMP) - Advanced - Concurrent User,SaaS,ITSM,ITSM SaaS,per concurrent user - SaaS ,1759.5,PRP-00010432,Withdrawn,USA List Prices 
BMC Helix Service Management on AWS (FedRAMP) - Advanced - Named User,SaaS,ITSM,ITSM SaaS,per named user - SaaS ,586.52,PRP-00010431,Withdrawn,USA List Prices 
BMC Helix Service Management on AWS (FedRAMP) - Standard - Concurrent User,SaaS,ITSM,ITSM SaaS,per concurrent user - SaaS ,1340.25,PRP-00013351,Withdrawn,USA List Prices 
BMC Helix Service Management on AWS (FedRAMP) - Standard - Named User,SaaS,ITSM,ITSM SaaS,per named user - SaaS ,446.75,PRP-00010427,Withdrawn,USA List Prices 
BMC Helix Service Management OnPrem - Advanced - Concurrent User,OPS,ITSM,ITSM On Prem,per concurrent user ,1038.6,PRP-00004879,Withdrawn,USA List Prices 
BMC Helix Service Management OnPrem - Advanced - Concurrent User,Perpetual,ITSM,ITSM On Prem,per concurrent user ,36656,PRP-00010442,Withdrawn,USA List Prices 
BMC Helix Service Management OnPrem - Advanced - Named User,OPS,ITSM,ITSM On Prem,per named user ,346.21,PRP-00004878,Withdrawn,USA List Prices 
BMC Helix Service Management OnPrem - Advanced - Named User,Perpetual,ITSM,ITSM On Prem,per named user ,12219,PRP-00010441,Withdrawn,USA List Prices 
BMC Helix Service Management OnPrem - Standard - Concurrent User,OPS,ITSM,ITSM On Prem,per concurrent user ,791.12,PRP-00004874,Withdrawn,USA List Prices 
BMC Helix Service Management OnPrem - Standard - Concurrent User,Perpetual,ITSM,ITSM On Prem,per concurrent user ,22338,PRP-00004875,Withdrawn,USA List Prices 
BMC Helix Service Management OnPrem - Standard - Named User,OPS,ITSM,ITSM On Prem,per named user ,263.71,PRP-00004876,Withdrawn,USA List Prices 
BMC Helix Service Management OnPrem - Standard - Named User,Perpetual,ITSM,ITSM On Prem,per named user ,7446,PRP-00004877,Withdrawn,USA List Prices 
BMC Helix Source Code Fee,OPS,CVT,FootPrints Service Core,Each ,41666.67,PRP-00015379,Controlled,USA List Prices 
BMC Helix Source Code Fee,Perpetual,CVT,FootPrints Service Core,Each ,500000,PRP-00015380,Controlled,USA List Prices 
BMC Helix Success Credits 10 Pack - Group 1,Service,Services,PS Consulting,Each ,17300,PRP-00014149,Generally Available,USA List Prices 
BMC Helix Success Credits 25 Pack - Group 1,Service,Services,PS Consulting,Each ,43250,PRP-00014159,Generally Available,USA List Prices 
BMC Helix Telco Extensions - Concurrent User,SaaS,ITSM,ITSM SaaS,per concurrent user - SaaS ,106.17,PRP-00010580,Withdrawn,USA List Prices 
BMC Helix Telco Extensions - Named User,SaaS,ITSM,ITSM SaaS,per named user - SaaS ,35.39,PRP-00010579,Withdrawn,USA List Prices 
BMC Helix Telco Extensions OnPrem - Concurrent User,OPS,ITSM,ITSM On Prem,per concurrent user ,106.17,PRP-00010583,Withdrawn,USA List Prices 
BMC Helix Telco Extensions OnPrem - Named User,OPS,ITSM,ITSM On Prem,per named user ,35.39,PRP-00010582,Withdrawn,USA List Prices 
BMC Helix Virtual Agent - Basic - Active User (100 Users),SaaS,ITSM,ITSM SaaS,per active user - SaaS ,281.19,PRP-00006798,Withdrawn,USA List Prices 
BMC Helix Virtual Agent - Basic - Named User (100 Users),SaaS,ITSM,ITSM SaaS,per named user - SaaS ,200.85,PRP-00003022,Withdrawn,USA List Prices 
BMC Helix Virtual Agent - Basic on AWS - Active User (100 Users),SaaS,ITSM,ITSM SaaS,per active user - SaaS ,281.19,PRP-00006799,Transition,USA List Prices 
BMC Helix Virtual Agent - Basic on AWS - Named Users (100 Users),SaaS,ITSM,ITSM SaaS,per named user - SaaS ,200.85,PRP-00003023,Transition,USA List Prices 
BMC Helix Virtual Agent Advanced - Active User (100 Users),SaaS,ITSM,ITSM SaaS,per active user - SaaS ,468.65,PRP-00007112,Withdrawn,USA List Prices 
BMC Helix Virtual Agent Advanced - Named User (100 Users),SaaS,ITSM,ITSM SaaS,per named user - SaaS ,334.75,PRP-00007062,Withdrawn,USA List Prices 
BMC Helix Virtual Agent Advanced for Bring Your Own IBM Watson - Active User (100 Users),SaaS,ITSM,ITSM SaaS,per active user - SaaS ,468.65,PRP-00007113,Withdrawn,USA List Prices 
BMC Helix Virtual Agent Advanced for Bring Your Own IBM Watson - Named User (100 Users),SaaS,ITSM,ITSM SaaS,per named user - SaaS ,334.75,PRP-00007061,Withdrawn,USA List Prices 
BMC Helix Virtual Agent Advanced Premium Environment - Active User (100 Users),SaaS,ITSM,ITSM SaaS,per active user - SaaS ,674.75,PRP-00007025,Withdrawn,USA List Prices 
BMC Helix Virtual Agent Advanced Premium Environment - Named User (100 Users),SaaS,ITSM,ITSM SaaS,per named user - SaaS ,561.86,PRP-00006990,Withdrawn,USA List Prices 
BMC Helix Virtual Agent Basic for Bring Your Own IBM Watson - Active User (100 Users),SaaS,ITSM,ITSM SaaS,per active user - SaaS ,281.19,PRP-00006806,Withdrawn,USA List Prices 
BMC Helix Virtual Agent Basic for Bring Your Own IBM Watson - Named User (100 Users),SaaS,ITSM,ITSM SaaS,per named user - SaaS ,200.85,PRP-00003020,Withdrawn,USA List Prices 
BMC Helix Virtual Agent Basic Premium Environment - Active User (100 Users),SaaS,ITSM,ITSM SaaS,per active user - SaaS ,482.04,PRP-00001490,Withdrawn,USA List Prices 
BMC Helix Virtual Agent Basic Premium Environment - Named User (100 Users),SaaS,ITSM,ITSM SaaS,per named user - SaaS ,401.7,PRP-00002372,Withdrawn,USA List Prices 
BMC Helix Virtual Agent Premium Environment on AWS - Active User (100 Users),SaaS,ITSM,ITSM SaaS,per active user - SaaS ,482.04,PRP-00001491,Transition,USA List Prices 
BMC Helix Virtual Agent Premium Environment on AWS - Named User (100 Users),SaaS,ITSM,ITSM SaaS,per named user - SaaS ,401.7,PRP-00002370,Transition,USA List Prices 
BMC Helix Yearly Disaster Recovery Certification,SaaS,ITSM,ITSM SaaS,Each ,8522.75,PRP-00000373,Generally Available,USA List Prices 
BMC Helix Yearly Disaster Recovery Certification (Public Sector),SaaS,ITSM,ITSM SaaS,Each ,10012.79,PRP-00004862,Transition,USA List Prices 
BMC Helix Yearly Disaster Recovery Certification Fee AWS (DoD Impact Level 4) - per ticket - SaaS,SaaS,ITSM,ITSM SaaS,per ticket - SaaS ,14418.22,PRP-00011277,Controlled,USA List Prices 
BMC Helix Yearly Disaster Recovery Certification Fee AWS (DoD Impact Level 5) - per ticket - SaaS,SaaS,ITSM,ITSM SaaS,per ticket - SaaS ,17301.86,PRP-00011278,Controlled,USA List Prices 
BMC Helix Yearly Disaster Recovery Certification on AWS (DoD Impact Level 4),SaaS,ITSM,ITSM SaaS,Each ,14418.24,PRP-00004861,Generally Available,USA List Prices 
BMC Helix Yearly Disaster Recovery Certification on AWS (DoD Impact Level 5),SaaS,ITSM,ITSM SaaS,Each ,17301.86,PRP-00011260,Generally Available,USA List Prices 
BMC Helix Yearly Disaster Recovery Certification on AWS (FedRAMP),SaaS,ITSM,ITSM SaaS,Each ,12015.21,PRP-00004860,Generally Available,USA List Prices 
BMC HelixGPT Insight Pack - 50K Insights,SaaS,Other DSOM,Other On Prem,per insight - SaaS ,13125,PRP-00013207,Controlled,USA List Prices 
BMC HelixGPT Insight Pack (German Regulated Cloud) - 50K Insights,SaaS,Other DSOM,Other SaaS,per insight - SaaS ,15750,PRP-00013208,Controlled,USA List Prices 
BMC HelixGPT Insight Pack on AWS (DoD Impact Level 4) - 50K Insights,SaaS,Other DSOM,Other SaaS,per insight - SaaS ,22680,PRP-00013209,Controlled,USA List Prices 
BMC HelixGPT Insight Pack on AWS (DoD Impact Level 5) - 50K Insights,SaaS,Other DSOM,Other SaaS,per insight - SaaS ,27216,PRP-00013210,Controlled,USA List Prices 
BMC HelixGPT Insight Pack on AWS (FedRAMP) - 50K Insights,SaaS,Other DSOM,Other SaaS,per insight - SaaS ,18900,PRP-00013211,Controlled,USA List Prices 
BMC HelixGPT Insight Pack OnPrem - 50K Insights,OPS,Other DSOM,Other SaaS,per insight ,13125,PRP-00013212,Controlled,USA List Prices 
BMC License Transfer Fee - CVT,OPS,CVT,FootPrints Service Core,Each ,8333.33,PRP-00000414,Generally Available,USA List Prices 
BMC License Transfer Fee - DSOM,OPS,Other DSOM,Other On Prem,Each ,8333.33,PRP-00000493,Generally Available,USA List Prices 
BMC License Transfer Fee - DSOM - SaaS,SaaS,Other DSOM,Other SaaS,Each ,8333.33,PRP-00002149,Generally Available,USA List Prices 
BMC Novation Fees - CVT,OPS,CVT,FootPrints Service Core,Each ,8333.33,PRP-00004806,Generally Available,USA List Prices 
BMC Novation Fees - DSOM,OPS,Other DSOM,Other On Prem,Each ,8333.33,PRP-00004081,Generally Available,USA List Prices 
BMC Novation Fees - DSOM - SaaS,SaaS,Other DSOM,Other SaaS,Each ,8333.33,PRP-00004413,Generally Available,USA List Prices 
BMC Premier incl. in Subscription - Automation for Servers,OPS,Remediate,Remediate On Prem,Each ,0,PRP-00010587,Generally Available,USA List Prices 
BMC Premier incl. in Subscription - Capacity Optimization,OPS,ITOM,ITOM On Prem,Each ,0,PRP-00010589,Generally Available,USA List Prices 
BMC Premier incl. in Subscription - Discovery,OPS,ITOM,ITOM On Prem,Each ,0,PRP-00010593,Generally Available,USA List Prices 
BMC Premier incl. in Subscription - ITSM,OPS,ITSM,ITSM On Prem,Each ,0,PRP-00010595,Generally Available,USA List Prices 
BMC Premier incl. in Subscription - Network Automation,OPS,Remediate,Remediate On Prem,Each ,0,PRP-00010597,Generally Available,USA List Prices 
BMC Premier incl. in Subscription - Operations Management,OPS,ITOM,ITOM On Prem,Each ,0,PRP-00010599,Generally Available,USA List Prices 
BMC Premier incl. in Subscription - Orchestrator,OPS,Remediate,Remediate On Prem,Each ,0,PRP-00010601,Generally Available,USA List Prices 
BMC Premier Success for BMC Helix ITSM,SaaS,ITSM,ITSM SaaS,Each ,8333.33,PRP-00000236,Transition,USA List Prices 
BMC Premier Support Advanced - CLM - Level 2,OPS,CVT,CLM,Each ,13333.33,PRP-00003803,Withdrawn,USA List Prices 
BMC Premier Support Advanced - CLM - Level 2,Perpetual,CVT,CLM,Each ,160000,PRP-00003804,Withdrawn,USA List Prices 
BMC Premier Support Advanced - CMDB or Discovery - Level 2,OPS,ITOM,ITOM On Prem,Each ,13333.33,PRP-00005179,Withdrawn,USA List Prices 
BMC Premier Support Advanced - CMDB or Discovery - Level 2,Perpetual,ITOM,ITOM On Prem,Each ,160000,PRP-00005180,Withdrawn,USA List Prices 
BMC Premier Support Advanced - Remedy - Level 1,OPS,ITSM,ITSM On Prem,Each ,6666.67,PRP-00001455,Transition,USA List Prices 
BMC Premier Support Advanced - Remedy - Level 1,Perpetual,ITSM,ITSM On Prem,Each ,80000,PRP-00001456,Transition,USA List Prices 
BMC Premier Support Advanced - Remedy - Level 2,OPS,ITSM,ITSM On Prem,Each ,13333.33,PRP-00001457,Transition,USA List Prices 
BMC Premier Support Advanced - Remedy - Level 2,Perpetual,ITSM,ITSM On Prem,Each ,160000,PRP-00001458,Transition,USA List Prices 
BMC Premier Support Advanced - Remedy - Level 3,OPS,ITSM,ITSM On Prem,Each ,20000,PRP-00001459,Transition,USA List Prices 
BMC Premier Support Advanced - Remedy - Level 3,Perpetual,ITSM,ITSM On Prem,Each ,240000,PRP-00001460,Transition,USA List Prices 
BMC Premier Support Advanced - TrueSight Infrastructure Management - Level 1,OPS,ITOM,ITOM On Prem,Each ,6666.67,PRP-00002242,Withdrawn,USA List Prices 
BMC Premier Support Advanced - TrueSight Infrastructure Management - Level 1,Perpetual,ITOM,ITOM On Prem,Each ,80000,PRP-00002243,Withdrawn,USA List Prices 
BMC Premier Support Advanced - TSO - Level 1,OPS,Remediate,Remediate On Prem,Each ,6666.67,PRP-00000237,Withdrawn,USA List Prices 
BMC Premier Support Advanced - TSO - Level 1,Perpetual,Remediate,Remediate On Prem,Each ,80000,PRP-00000238,Withdrawn,USA List Prices 
BMC Premier Support Advanced - TSSA - Level 1,OPS,Remediate,Remediate On Prem,Each ,6666.67,PRP-00001897,Withdrawn,USA List Prices 
BMC Premier Support Advanced - TSSA - Level 1,Perpetual,Remediate,Remediate On Prem,Each ,80000,PRP-00001898,Withdrawn,USA List Prices 
BMC Premier Support Enablement Bundle - Automation for Servers - SaaS,SaaS,Other DSOM,Other On Prem,Each ,1667,PRP-00006877,Withdrawn,USA List Prices 
BMC Premier Support Enablement Bundle - Capacity Optimization - SaaS,SaaS,ITOM,ITOM SaaS,Each ,1667,PRP-00006879,Withdrawn,USA List Prices 
BMC Premier Support Enablement Bundle - Discovery - SaaS,SaaS,ITOM,ITOM SaaS,Each ,1667,PRP-00006880,Withdrawn,USA List Prices 
BMC Premier Support Enablement Bundle - Emerging Markets - Discovery - SaaS,SaaS,ITOM,ITOM SaaS,Each ,1217,PRP-00006854,Withdrawn,USA List Prices 
BMC Premier Support Enablement Bundle - Emerging Markets - ITSM - SaaS,SaaS,ITSM,ITSM SaaS,Each ,1217,PRP-00006859,Withdrawn,USA List Prices 
BMC Premier Support Enablement Bundle - Emerging Markets - Network Automation - SaaS,SaaS,Other DSOM,Other On Prem,Each ,1217,PRP-00006856,Withdrawn,USA List Prices 
BMC Premier Support Enablement Bundle - Emerging Markets - Orchestrator - SaaS,SaaS,Other DSOM,Other On Prem,Each ,1217,PRP-00006857,Withdrawn,USA List Prices 
BMC Premier Support Enablement Bundle - ITSM - SaaS,SaaS,ITSM,ITSM SaaS,Each ,1667,PRP-00006882,Withdrawn,USA List Prices 
BMC Premier Support Enablement Bundle - Network Automation - SaaS,SaaS,Other DSOM,Other On Prem,Each ,1667,PRP-00006932,Withdrawn,USA List Prices 
BMC Premier Support Enablement Bundle - Operations Management - SaaS,SaaS,ITOM,ITOM SaaS,Each ,1667,PRP-00006933,Withdrawn,USA List Prices 
BMC Premier Support Enablement Bundle - Orchestrator - SaaS,SaaS,Other DSOM,Other On Prem,Each ,1667,PRP-00006935,Withdrawn,USA List Prices 
BMC Premier Support Foundation - Automation for Servers - SaaS,SaaS,Other DSOM,Other On Prem,Each ,2917,PRP-00006928,Withdrawn,USA List Prices 
BMC Premier Support Foundation - Capacity Optimization - SaaS,SaaS,ITOM,ITOM SaaS,Each ,2917,PRP-00006930,Withdrawn,USA List Prices 
BMC Premier Support Foundation - Discovery - SaaS,SaaS,ITOM,ITOM SaaS,Each ,2917,PRP-00006934,Withdrawn,USA List Prices 
BMC Premier Support Foundation - Emerging Markets - Automation for Servers - SaaS,SaaS,Other DSOM,Other On Prem,Each ,2129,PRP-00006621,Withdrawn,USA List Prices 
BMC Premier Support Foundation - Emerging Markets - Capacity Optimization - SaaS,SaaS,ITOM,ITOM SaaS,Each ,2129,PRP-00006624,Withdrawn,USA List Prices 
BMC Premier Support Foundation - Emerging Markets - Discovery - SaaS,SaaS,ITOM,ITOM SaaS,Each ,2129,PRP-00006628,Withdrawn,USA List Prices 
BMC Premier Support Foundation - Emerging Markets - ITSM - SaaS,SaaS,ITSM,ITSM SaaS,Each ,2129,PRP-00006701,Withdrawn,USA List Prices 
BMC Premier Support Foundation - Emerging Markets - Network Automation - SaaS,SaaS,Other DSOM,Other On Prem,Each ,2129,PRP-00006713,Withdrawn,USA List Prices 
BMC Premier Support Foundation - Emerging Markets - Operations Management - SaaS,SaaS,ITOM,ITOM SaaS,Each ,2129,PRP-00006705,Withdrawn,USA List Prices 
BMC Premier Support Foundation - Emerging Markets - Orchestrator - SaaS,SaaS,Other DSOM,Other On Prem,Each ,2129,PRP-00006709,Withdrawn,USA List Prices 
BMC Premier Support Foundation - ITSM - SaaS,SaaS,ITSM,ITSM SaaS,Each ,2917,PRP-00006936,Withdrawn,USA List Prices 
BMC Premier Support Foundation - Network Automation - SaaS,SaaS,Other DSOM,Other On Prem,Each ,2917,PRP-00006938,Withdrawn,USA List Prices 
BMC Premier Support Foundation - Operations Management - SaaS,SaaS,ITOM,ITOM SaaS,Each ,2917,PRP-00006615,Withdrawn,USA List Prices 
BMC Premier Support Foundation - Orchestrator - SaaS,SaaS,Other DSOM,Other On Prem,Each ,2917,PRP-00006618,Withdrawn,USA List Prices 
BMC Premier Support Governance - Emerging Markets - SaaS,SaaS,ITSM,ITSM SaaS,Each ,3650,PRP-00006840,Withdrawn,USA List Prices 
BMC Premier Support Governance - SaaS,SaaS,ITSM,ITSM SaaS,Each ,5000,PRP-00006839,Withdrawn,USA List Prices 
BMC Premier Support Risk Mitigation Bundle - Automation for Servers - SaaS,SaaS,Other DSOM,Other On Prem,Each ,3333,PRP-00006023,Withdrawn,USA List Prices 
BMC Premier Support Risk Mitigation Bundle - Capacity Optimization - SaaS,SaaS,ITOM,ITOM SaaS,Each ,3333,PRP-00006025,Withdrawn,USA List Prices 
BMC Premier Support Risk Mitigation Bundle - Discovery - SaaS,SaaS,ITOM,ITOM SaaS,Each ,3333,PRP-00006027,Withdrawn,USA List Prices 
BMC Premier Support Risk Mitigation Bundle - Emerging Markets - Automation for Servers - SaaS,SaaS,Other DSOM,Other On Prem,Each ,2433,PRP-00006477,Withdrawn,USA List Prices 
BMC Premier Support Risk Mitigation Bundle - Emerging Markets - Capacity Optimization - SaaS,SaaS,ITOM,ITOM SaaS,Each ,2433,PRP-00006890,Withdrawn,USA List Prices 
BMC Premier Support Risk Mitigation Bundle - Emerging Markets - Discovery - SaaS,SaaS,ITOM,ITOM SaaS,Each ,2433,PRP-00006895,Withdrawn,USA List Prices 
BMC Premier Support Risk Mitigation Bundle - Emerging Markets - ITSM - SaaS,SaaS,ITSM,ITSM SaaS,Each ,2433,PRP-00006875,Withdrawn,USA List Prices 
BMC Premier Support Risk Mitigation Bundle - Emerging Markets - Operations Management - SaaS,SaaS,ITOM,ITOM SaaS,Each ,2433,PRP-00006892,Withdrawn,USA List Prices 
BMC Premier Support Risk Mitigation Bundle - Emerging Markets - Orchestrator - SaaS,SaaS,Other DSOM,Other On Prem,Each ,2433,PRP-00006894,Withdrawn,USA List Prices 
BMC Premier Support Risk Mitigation Bundle - ITSM - SaaS,SaaS,ITSM,ITSM SaaS,Each ,3333,PRP-00007131,Withdrawn,USA List Prices 
BMC Premier Support Risk Mitigation Bundle - Network Automation - SaaS,SaaS,Other DSOM,Other On Prem,Each ,3333,PRP-00007132,Withdrawn,USA List Prices 
BMC Premier Support Risk Mitigation Bundle - Operations Management - SaaS,SaaS,ITOM,ITOM SaaS,Each ,3333,PRP-00007133,Withdrawn,USA List Prices 
BMC Premier Support Risk Mitigation Bundle - Orchestrator - SaaS,SaaS,Other DSOM,Other On Prem,Each ,3333,PRP-00006474,Withdrawn,USA List Prices 
BMC Premier Support Technical - Netreo Professional,OPS,ITOM,ITOM On Prem,Each ,3916.67,PRP-00010997,Withdrawn,USA List Prices 
BMC Premier Support Technical - Netreo Professional,Perpetual,ITOM,ITOM On Prem,Each ,47000,PRP-00010998,Withdrawn,USA List Prices 
BMC Premier Support Technical - Netreo Ultimate,OPS,ITOM,ITOM On Prem,Each ,8250,PRP-00010995,Withdrawn,USA List Prices 
BMC Premier Support Technical - Netreo Ultimate,Perpetual,ITOM,ITOM On Prem,Each ,99000,PRP-00010996,Withdrawn,USA List Prices 
BMC Recovery Manager for Databases,OPS,CVT,DM - DS,per gigabyte ,31.15,PRP-00000565,Withdrawn,USA List Prices 
BMC Recovery Manager for Databases,Perpetual,CVT,DM - DS,per gigabyte ,935,PRP-00000566,Withdrawn,USA List Prices 
BMC Recovery Manager for Databases,OPS,CVT,DM - DS,per gigabyte range ,7624.76,PRP-00000574,Withdrawn,USA List Prices 
BMC Recovery Manager for Databases,OPS,CVT,DM - DS,per gigabyte range ,1591.23,PRP-00000570,Withdrawn,USA List Prices 
BMC Recovery Manager for Databases,OPS,CVT,DM - DS,per gigabyte range ,388.86,PRP-00000567,Withdrawn,USA List Prices 
BMC Recovery Manager for Databases,OPS,CVT,DM - DS,per gigabyte range ,11437.18,PRP-00000575,Withdrawn,USA List Prices 
BMC Recovery Manager for Databases,OPS,CVT,DM - DS,per gigabyte range ,2859.28,PRP-00000571,Withdrawn,USA List Prices 
BMC Recovery Manager for Databases,OPS,CVT,DM - DS,per gigabyte range ,648.12,PRP-00000568,Withdrawn,USA List Prices 
BMC Recovery Manager for Databases,OPS,CVT,DM - DS,per gigabyte range ,3431.14,PRP-00000572,Withdrawn,USA List Prices 
BMC Recovery Manager for Databases,OPS,CVT,DM - DS,per gigabyte range ,953.1,PRP-00000569,Withdrawn,USA List Prices 
BMC Recovery Manager for Databases,OPS,CVT,DM - DS,per gigabyte range ,3812.38,PRP-00000573,Withdrawn,USA List Prices 
BMC Recovery Manager for Databases,Perpetual,CVT,DM - DS,per gigabyte range ,228743,PRP-00000583,Withdrawn,USA List Prices 
BMC Recovery Manager for Databases,Perpetual,CVT,DM - DS,per gigabyte range ,47737,PRP-00000579,Withdrawn,USA List Prices 
BMC Recovery Manager for Databases,Perpetual,CVT,DM - DS,per gigabyte range ,11666,PRP-00000576,Withdrawn,USA List Prices 
BMC Recovery Manager for Databases,Perpetual,CVT,DM - DS,per gigabyte range ,343115,PRP-00000584,Withdrawn,USA List Prices 
BMC Recovery Manager for Databases,Perpetual,CVT,DM - DS,per gigabyte range ,85778,PRP-00000580,Withdrawn,USA List Prices 
BMC Recovery Manager for Databases,Perpetual,CVT,DM - DS,per gigabyte range ,19444,PRP-00000577,Withdrawn,USA List Prices 
BMC Recovery Manager for Databases,Perpetual,CVT,DM - DS,per gigabyte range ,102934,PRP-00000581,Withdrawn,USA List Prices 
BMC Recovery Manager for Databases,Perpetual,CVT,DM - DS,per gigabyte range ,28593,PRP-00000578,Withdrawn,USA List Prices 
BMC Recovery Manager for Databases,Perpetual,CVT,DM - DS,per gigabyte range ,114371,PRP-00000582,Withdrawn,USA List Prices 
BMC Recovery Manager for Databases on Microsoft Windows,OPS,CVT,DM - DS,per gigabyte ,22.63,PRP-00004416,Withdrawn,USA List Prices 
BMC Recovery Manager for Databases on Microsoft Windows,Perpetual,CVT,DM - DS,per gigabyte ,679,PRP-00004418,Withdrawn,USA List Prices 
BMC Recovery Manager for Databases on Microsoft Windows,OPS,CVT,DM - DS,per gigabyte range ,4441.11,PRP-00004435,Withdrawn,USA List Prices 
BMC Recovery Manager for Databases on Microsoft Windows,OPS,CVT,DM - DS,per gigabyte range ,646.73,PRP-00004426,Withdrawn,USA List Prices 
BMC Recovery Manager for Databases on Microsoft Windows,OPS,CVT,DM - DS,per gigabyte range ,280.41,PRP-00004420,Withdrawn,USA List Prices 
BMC Recovery Manager for Databases on Microsoft Windows,OPS,CVT,DM - DS,per gigabyte range ,6658.98,PRP-00004437,Withdrawn,USA List Prices 
BMC Recovery Manager for Databases on Microsoft Windows,OPS,CVT,DM - DS,per gigabyte range ,1163.6,PRP-00004429,Withdrawn,USA List Prices 
BMC Recovery Manager for Databases on Microsoft Windows,OPS,CVT,DM - DS,per gigabyte range ,402.55,PRP-00004422,Withdrawn,USA List Prices 
BMC Recovery Manager for Databases on Microsoft Windows,OPS,CVT,DM - DS,per gigabyte range ,1716.75,PRP-00004431,Withdrawn,USA List Prices 
BMC Recovery Manager for Databases on Microsoft Windows,OPS,CVT,DM - DS,per gigabyte range ,524.64,PRP-00004424,Withdrawn,USA List Prices 
BMC Recovery Manager for Databases on Microsoft Windows,OPS,CVT,DM - DS,per gigabyte range ,2219.66,PRP-00004433,Withdrawn,USA List Prices 
BMC Recovery Manager for Databases on Microsoft Windows,Perpetual,CVT,DM - DS,per gigabyte range ,133235,PRP-00004455,Withdrawn,USA List Prices 
BMC Recovery Manager for Databases on Microsoft Windows,Perpetual,CVT,DM - DS,per gigabyte range ,19402,PRP-00004446,Withdrawn,USA List Prices 
BMC Recovery Manager for Databases on Microsoft Windows,Perpetual,CVT,DM - DS,per gigabyte range ,8412,PRP-00004439,Withdrawn,USA List Prices 
BMC Recovery Manager for Databases on Microsoft Windows,Perpetual,CVT,DM - DS,per gigabyte range ,199772,PRP-00004457,Withdrawn,USA List Prices 
BMC Recovery Manager for Databases on Microsoft Windows,Perpetual,CVT,DM - DS,per gigabyte range ,34908,PRP-00004448,Withdrawn,USA List Prices 
BMC Recovery Manager for Databases on Microsoft Windows,Perpetual,CVT,DM - DS,per gigabyte range ,12077,PRP-00004441,Withdrawn,USA List Prices 
BMC Recovery Manager for Databases on Microsoft Windows,Perpetual,CVT,DM - DS,per gigabyte range ,51503,PRP-00004450,Withdrawn,USA List Prices 
BMC Recovery Manager for Databases on Microsoft Windows,Perpetual,CVT,DM - DS,per gigabyte range ,15739,PRP-00004443,Withdrawn,USA List Prices 
BMC Recovery Manager for Databases on Microsoft Windows,Perpetual,CVT,DM - DS,per gigabyte range ,66591,PRP-00004453,Withdrawn,USA List Prices 
BMC Recovery Manager Module for IBM Tivoli Storage Manager,OPS,CVT,DM - DS,per installed server ,68.96,PRP-00002885,Withdrawn,USA List Prices 
BMC Recovery Manager Module for IBM Tivoli Storage Manager,Perpetual,CVT,DM - DS,per installed server ,2069,PRP-00002886,Withdrawn,USA List Prices 
BMC Recovery Manager Module for Symantec NetBackup,OPS,CVT,DM - DS,per installed server ,68.96,PRP-00001142,Withdrawn,USA List Prices 
BMC Recovery Manager Module for Symantec NetBackup,Perpetual,CVT,DM - DS,per installed server ,2069,PRP-00001143,Withdrawn,USA List Prices 
BMC Release Lifecycle Management - License Add-on,OPS,CVT,RLM,per managed asset - server endpoint ,357.33,PRP-00001945,Controlled,USA List Prices 
BMC Release Lifecycle Management - License Add-on,Perpetual,CVT,RLM,per managed asset - server endpoint ,10720,PRP-00001946,Controlled,USA List Prices 
BMC Release Process Management - License Add-on,OPS,CVT,RLM,per managed asset - server endpoint ,125.07,PRP-00001197,Controlled,USA List Prices 
BMC Release Process Management - License Add-on,Perpetual,CVT,RLM,per managed asset - server endpoint ,3752,PRP-00001198,Controlled,USA List Prices 
BMC Service Provider Fee - CVT,OPS,CVT,FootPrints Service Core,Each ,8333.33,PRP-00000415,Generally Available,USA List Prices 
BMC Service Provider Fee - DSOM,OPS,ITSM,ITSM On Prem,Each ,8333.33,PRP-00001494,Generally Available,USA List Prices 
BMC Service Provider Fee - DSOM - SaaS,SaaS,ITSM,ITSM SaaS,Each ,8333.33,PRP-00000732,Generally Available,USA List Prices 
BMC StreamWeaver - Premium,OPS,ITOM,ITOM On Prem,per adapter ,1562.79,PRP-00007197,Withdrawn,USA List Prices 
BMC StreamWeaver - Premium,Perpetual,ITOM,ITOM On Prem,per adapter ,46884,PRP-00007198,Withdrawn,USA List Prices 
BMC StreamWeaver Outbound Royalty (IBM),Perpetual,ITOM,ITOM On Prem,N/A ,0,PRP-00010408,Generally Available,USA List Prices 
BMC Third Party Use and Access Fee - CVT,OPS,CVT,FootPrints Service Core,Each ,8333.33,PRP-00003704,Generally Available,USA List Prices 
BMC Third Party Use and Access Fee - DSOM,OPS,Other DSOM,Other On Prem,Each ,8333.33,PRP-00004122,Generally Available,USA List Prices 
BMC Transitional Processing Fee - CVT,OPS,CVT,FootPrints Service Core,Each ,8333.33,PRP-00000733,Generally Available,USA List Prices 
BMC Transitional Processing Fee - DSOM,OPS,Other DSOM,Other On Prem,Each ,8333.33,PRP-00000563,Generally Available,USA List Prices 
Catchpoint for BMC Helix (1 Agent per Instance) - MarketZone,SaaS,ITOM,ITOM SaaS,per instance - SaaS ,4456.86,PRP-00004884,Transition,USA List Prices 
Catchpoint for BMC Helix (100000 Points/Month) - MarketZone,SaaS,ITOM,ITOM SaaS,Each ,6945.75,PRP-00004885,Transition,USA List Prices 
Client Management - Compliance for Track-It!,OPS,CVT,Track-It,per node ,1.08,PRP-00003711,Generally Available,USA List Prices 
Client Management - Compliance for Track-It!,Perpetual,CVT,Track-It,per node ,23,PRP-00003712,Generally Available,USA List Prices 
Client Management - Deployment for Track-It!,OPS,CVT,Track-It,per node ,1.61,PRP-00003709,Generally Available,USA List Prices 
Client Management - Deployment for Track-It!,Perpetual,CVT,Track-It,per node ,35,PRP-00003710,Generally Available,USA List Prices 
Client Management - Inventory for Track-It!,OPS,CVT,Track-It,per node ,0.99,PRP-00003756,Generally Available,USA List Prices 
Client Management - Inventory for Track-It!,Perpetual,CVT,Track-It,per node ,21,PRP-00003757,Generally Available,USA List Prices 
Client Management - Master Server for Track-It!,OPS,CVT,Track-It,per instance ,85.42,PRP-00001675,Generally Available,USA List Prices 
Client Management - Master Server for Track-It!,Perpetual,CVT,Track-It,per instance ,1863,PRP-00001676,Generally Available,USA List Prices 
Client Management - Patch for Track-It!,OPS,CVT,Track-It,per node ,1.08,PRP-00001387,Generally Available,USA List Prices 
Client Management - Patch for Track-It!,Perpetual,CVT,Track-It,per node ,23,PRP-00001388,Generally Available,USA List Prices 
Client Management - Remote for Track-It!,OPS,CVT,Track-It,per instance ,0.85,PRP-00003706,Generally Available,USA List Prices 
Client Management - Remote for Track-It!,Perpetual,CVT,Track-It,per instance ,18,PRP-00003707,Generally Available,USA List Prices 
Client Management for Track-It!,OPS,CVT,Track-It,per instance ,0,PRP-00004667,Generally Available,USA List Prices 
Client Management for Track-It!,Perpetual,CVT,Track-It,per instance ,0,PRP-00004669,Generally Available,USA List Prices 
Cloud Lifecycle Management - Core License Add-on,OPS,CVT,CLM,per managed asset - server endpoint ,29.02,PRP-00004401,Controlled,USA List Prices 
Cloud Lifecycle Management - Core License Add-on,Perpetual,CVT,CLM,per managed asset - server endpoint ,871,PRP-00004402,Controlled,USA List Prices 
Cloud Lifecycle Management - Standard Pack License Add-on,OPS,CVT,CLM,per managed asset - server endpoint ,218.87,PRP-00001394,Controlled,USA List Prices 
Cloud Lifecycle Management - Standard Pack License Add-on,Perpetual,CVT,CLM,per managed asset - server endpoint ,6566,PRP-00001395,Controlled,USA List Prices 
DBI Inbound Royalty (SmartDBA and DGI suites) - named product: Brother-Panther,Perpetual,CVT,DM - DS,N/A ,0,PRP-00010401,Generally Available,USA List Prices 
Entuity Flow Analyzer for BMC Solutions - MarketZone,OPS,CVT,BPPM,per enterprise ,6398.09,PRP-00000984,Transition,USA List Prices 
Entuity Flow Analyzer for BMC Solutions - MarketZone,Perpetual,CVT,BPPM,per enterprise ,191943,PRP-00000985,Transition,USA List Prices 
Entuity for BMC Solutions - Base License - MarketZone,OPS,CVT,BPPM,per enterprise ,604.91,PRP-00004226,Transition,USA List Prices 
Entuity for BMC Solutions - Base License - MarketZone,Perpetual,CVT,BPPM,per enterprise ,18147,PRP-00004227,Transition,USA List Prices 
Entuity Integrator for BMC Solutions - MarketZone,OPS,CVT,BPPM,per third-party software ,1209.81,PRP-00001153,Transition,USA List Prices 
Entuity Integrator for BMC Solutions - MarketZone,Perpetual,CVT,BPPM,per third-party software ,36295,PRP-00001154,Transition,USA List Prices 
Entuity N/W Analyzer for BMC-Basic Device Lic-MarketZone,OPS,CVT,BPPM,per managed asset - device endpoint ,24.95,PRP-00007039,Transition,USA List Prices 
Entuity N/W Analyzer for BMC-Basic Device Lic-MarketZone,Perpetual,CVT,BPPM,per managed asset - device endpoint ,748,PRP-00007040,Transition,USA List Prices 
Entuity Network Analyzer for BMC Solutions - Full Device - MarketZone,OPS,CVT,BPPM,per managed asset - device endpoint ,49.9,PRP-00004237,Transition,USA List Prices 
Entuity Network Analyzer for BMC Solutions - Full Device - MarketZone,Perpetual,CVT,BPPM,per managed asset - device endpoint ,1497,PRP-00004238,Transition,USA List Prices 
Entuity Network Monitoring for BMC Solutions - MarketZone,OPS,CVT,BPPM,per managed network device ,45.37,PRP-00004239,Transition,USA List Prices 
Entuity Network Monitoring for BMC Solutions - MarketZone,Perpetual,CVT,BPPM,per managed network device ,1361,PRP-00004240,Transition,USA List Prices 
Entuity SurePath for BMC Solutions (100 SurePaths) - MarketZone,OPS,CVT,BPPM,Each ,1750.33,PRP-00006949,Transition,USA List Prices 
Entuity SurePath for BMC Solutions (100 SurePaths) - MarketZone,Perpetual,CVT,BPPM,Each ,52510,PRP-00006951,Transition,USA List Prices 
Exclusive Distributor Rights - CVT,OPS,CVT,FootPrints Service Core,Each ,4166666.67,PRP-00015279,Controlled,USA List Prices 
Exclusive Distributor Rights - CVT SaaS,SaaS,CVT,FootPrints Service Core,Each ,4166666.67,PRP-00015280,Controlled,USA List Prices 
Exclusive Distributor Rights - DSOM,OPS,ITSM,ITSM On Prem,Each ,4166666.67,PRP-00012383,Controlled,USA List Prices 
Exclusive Distributor Rights - DSOM SaaS,SaaS,ITSM,ITSM SaaS,Each ,4166666.67,PRP-00012384,Controlled,USA List Prices 
FootPrints 1 Named 2 CC User Software Package,OPS,CVT,FootPrints Service Core,per instance ,1146.21,PRP-00004394,Generally Available,USA List Prices 
FootPrints 1 Named 2 CC User Software Package,Perpetual,CVT,FootPrints Service Core,per instance ,30566,PRP-00004396,Generally Available,USA List Prices 
FootPrints 1 Named 2 CC User Software Package - Managed Care Hosting Fee - SaaS,SaaS,Other DSOM,Other SaaS,per instance - SaaS ,873.38,PRP-00000007,Withdrawn,USA List Prices 
FootPrints 5 Named User BASE Software Package,OPS,CVT,FootPrints Service Core,per instance ,616.98,PRP-00004391,Generally Available,USA List Prices 
FootPrints 5 Named User BASE Software Package,Perpetual,CVT,FootPrints Service Core,per instance ,16453,PRP-00004393,Generally Available,USA List Prices 
FootPrints 5 Named User Software Package,OPS,CVT,FootPrints Service Core,per instance ,1146.21,PRP-00004397,Generally Available,USA List Prices 
FootPrints 5 Named User Software Package,Perpetual,CVT,FootPrints Service Core,per instance ,30566,PRP-00004399,Generally Available,USA List Prices 
FootPrints 5 Named User Software Package - Managed Care Hosting Fee - SaaS,SaaS,Other DSOM,Other SaaS,per instance - SaaS ,847.93,PRP-00000287,Withdrawn,USA List Prices 
FootPrints Additional Concurrent User Agents,OPS,CVT,FootPrints Service Core,per concurrent user ,208.49,PRP-00005175,Generally Available,USA List Prices 
FootPrints Additional Concurrent User Agents,Perpetual,CVT,FootPrints Service Core,per concurrent user ,5560,PRP-00005176,Generally Available,USA List Prices 
FootPrints Additional Concurrent User Agents - Managed Care Hosting Fee - SaaS,SaaS,Other DSOM,Other SaaS,per concurrent user - SaaS ,154.28,PRP-00001382,Withdrawn,USA List Prices 
FootPrints Additional Named User Agents,OPS,CVT,FootPrints Service Core,per named user ,97.72,PRP-00004764,Generally Available,USA List Prices 
FootPrints Additional Named User Agents,Perpetual,CVT,FootPrints Service Core,per named user ,2606,PRP-00004765,Generally Available,USA List Prices 
FootPrints Additional Named User Agents - Managed Care Hosting Fee - SaaS,SaaS,Other DSOM,Other SaaS,per named user - SaaS ,71.74,PRP-00000288,Withdrawn,USA List Prices 
FootPrints Change Management,OPS,CVT,FootPrints Service Core,per instance ,272.58,PRP-00004589,Generally Available,USA List Prices 
FootPrints Change Management,Perpetual,CVT,FootPrints Service Core,per instance ,7268,PRP-00004590,Generally Available,USA List Prices 
FootPrints Change Management - Managed Care Hosting Fee - SaaS,SaaS,Other DSOM,Other SaaS,per instance - SaaS ,202.06,PRP-00001152,Withdrawn,USA List Prices 
FootPrints Change Management Concurrent User Uplift,OPS,CVT,FootPrints Service Core,per concurrent user ,24.97,PRP-00004631,Generally Available,USA List Prices 
FootPrints Change Management Concurrent User Uplift,Perpetual,CVT,FootPrints Service Core,per concurrent user ,666,PRP-00004633,Generally Available,USA List Prices 
FootPrints Change Management Concurrent User Uplift - Managed Care Hosting Fee - SAAS,SaaS,Other DSOM,Other SaaS,per named user - SaaS ,19.59,PRP-00001334,Withdrawn,USA List Prices 
FootPrints Change Management User Uplift,OPS,CVT,FootPrints Service Core,per named user ,24.97,PRP-00006180,Generally Available,USA List Prices 
FootPrints Change Management User Uplift,Perpetual,CVT,FootPrints Service Core,per named user ,666,PRP-00006181,Generally Available,USA List Prices 
FootPrints Change Management User Uplift - Managed Care Hosting Fee - SaaS,SaaS,Other DSOM,Other SaaS,per named user - SaaS ,19.59,PRP-00005373,Withdrawn,USA List Prices 
FootPrints Concurrent User Agent Suite,OPS,CVT,FootPrints Service Core,per concurrent user ,277.09,PRP-00004476,Generally Available,USA List Prices 
FootPrints Concurrent User Agent Suite,Perpetual,CVT,FootPrints Service Core,per concurrent user ,7389,PRP-00004480,Generally Available,USA List Prices 
FootPrints Configuration Management,OPS,CVT,FootPrints Service Core,per instance ,272.58,PRP-00004578,Generally Available,USA List Prices 
FootPrints Configuration Management,Perpetual,CVT,FootPrints Service Core,per instance ,7268,PRP-00004580,Generally Available,USA List Prices 
FootPrints Configuration Management - Managed Care Hosting Fee - SaaS,SaaS,Other DSOM,Other SaaS,per instance - SaaS ,202.06,PRP-00003230,Withdrawn,USA List Prices 
FootPrints Configuration Management Concurrent User Uplift,OPS,CVT,FootPrints Service Core,per concurrent user ,24.97,PRP-00002314,Generally Available,USA List Prices 
FootPrints Configuration Management Concurrent User Uplift,Perpetual,CVT,FootPrints Service Core,per concurrent user ,666,PRP-00002315,Generally Available,USA List Prices 
FootPrints Configuration Management Concurrent User Uplift - Managed Care Hosting,SaaS,Other DSOM,Other SaaS,per named user - SaaS ,19.59,PRP-00003137,Withdrawn,USA List Prices 
FootPrints Configuration Management User Uplift,OPS,CVT,FootPrints Service Core,per named user ,24.97,PRP-00006280,Generally Available,USA List Prices 
FootPrints Configuration Management User Uplift,Perpetual,CVT,FootPrints Service Core,per named user ,666,PRP-00006281,Generally Available,USA List Prices 
FootPrints Configuration Management User Uplift Fee - Managed Care Hosting Fee - SaaS,SaaS,Other DSOM,Other SaaS,per named user - SaaS ,19.59,PRP-00000142,Withdrawn,USA List Prices 
FootPrints CRM Bridge - Managed Care Hosting Fee - SaaS,SaaS,Other DSOM,Other SaaS,per instance - SaaS ,336.75,PRP-00003162,Withdrawn,USA List Prices 
FootPrints Dyn. SQL DB Link/DS DL - Managed Care Hosting Fee - SaaS,SaaS,Other DSOM,Other SaaS,per instance - SaaS ,336.75,PRP-00001488,Withdrawn,USA List Prices 
FootPrints Dynamic Address Book Link - Managed Care Hosting Fee - SaaS,SaaS,Other DSOM,Other SaaS,per instance - SaaS ,0,PRP-00006725,Withdrawn,USA List Prices 
FootPrints Dynamic Address Book Link /LD AP,OPS,CVT,FootPrints Service Core,per instance ,462.62,PRP-00006368,Withdrawn,USA List Prices 
FootPrints Dynamic Address Book Link /LD AP,Perpetual,CVT,FootPrints Service Core,per instance ,12336,PRP-00006369,Generally Available,USA List Prices 
FootPrints Dynamic SQL DB Link/DS DL,OPS,CVT,FootPrints Service Core,per instance ,453.79,PRP-00005458,Generally Available,USA List Prices 
FootPrints Dynamic SQL DB Link/DS DL,Perpetual,CVT,FootPrints Service Core,per instance ,12101,PRP-00005459,Generally Available,USA List Prices 
FootPrints Mobile,OPS,CVT,FootPrints Service Core,per named user ,11.94,PRP-00004851,Withdrawn,USA List Prices 
FootPrints Mobile,Perpetual,CVT,FootPrints Service Core,per named user ,319,PRP-00004852,Generally Available,USA List Prices 
FootPrints Mobile - Managed Care Hosting Fee - SaaS,SaaS,Other DSOM,Other SaaS,per named user - SaaS ,8.66,PRP-00000330,Withdrawn,USA List Prices 
FootPrints MS SCCM Integration,OPS,CVT,FootPrints Service Core,per instance ,462.62,PRP-00006364,Withdrawn,USA List Prices 
FootPrints MS SCCM Integration,Perpetual,CVT,FootPrints Service Core,per instance ,12336,PRP-00006365,Generally Available,USA List Prices 
FootPrints MS SCCM Integration - Managed Care Hosting Fee - SaaS,SaaS,Other DSOM,Other SaaS,per instance - SaaS ,336.75,PRP-00000374,Withdrawn,USA List Prices 
FootPrints Named User Agent Suite,OPS,CVT,FootPrints Service Core,per named user ,163.55,PRP-00004459,Generally Available,USA List Prices 
FootPrints Named User Agent Suite,Perpetual,CVT,FootPrints Service Core,per named user ,4361,PRP-00004461,Generally Available,USA List Prices 
FootPrints Suite Software Package,OPS,CVT,FootPrints Service Core,per instance ,705.17,PRP-00006769,Generally Available,USA List Prices 
FootPrints Suite Software Package,Perpetual,CVT,FootPrints Service Core,per instance ,18805,PRP-00006771,Generally Available,USA List Prices 
FootPrints Suite Software Package - Managed Care Hosting Fee - SaaS,SaaS,Other DSOM,Other SaaS,per instance - SaaS ,873.38,PRP-00003132,Withdrawn,USA List Prices 
FootPrints Unlimited Named User Agents,OPS,CVT,FootPrints Service Core,per named user ,1852.3,PRP-00004762,Withdrawn,USA List Prices 
FootPrints Unlimited Named User Agents,Perpetual,CVT,FootPrints Service Core,per named user ,49394,PRP-00004763,Transition,USA List Prices 
FootPrints Unlimited Named User Agents - Managed Care Hosting Fee - SaaS,SaaS,Other DSOM,Other SaaS,per named user - SaaS ,0,PRP-00003805,Withdrawn,USA List Prices 
Harman Connected Services - (Inbound Royalty BMC Middleware Automation LAO61),Perpetual,CVT,BMA,N/A ,0,PRP-00010406,Generally Available,USA List Prices 
ITConcepts Inbound Royalty (Calendra IDM Directory Management (CDM) Solutions LP1CP),Perpetual,CVT,IDM,N/A ,0,PRP-00010403,Generally Available,USA List Prices 
Keyva Seamless Data Pump for BMC DSM Solutions ServiceNow - MarketZone,OPS,ITOM,ITOM On Prem,per third-party software ,3786.31,PRP-00001465,Generally Available,USA List Prices 
Keyva Seamless Data Pump for BMC DSM Solutions ServiceNow - MarketZone,Perpetual,ITOM,ITOM On Prem,per third-party software ,113589,PRP-00001466,Generally Available,USA List Prices 
Keyva Seamless Data Pump for BMC DSM Solutions Universal - MarketZone,OPS,ITOM,ITOM On Prem,per third-party software ,3640.68,PRP-00005159,Generally Available,USA List Prices 
Keyva Seamless Data Pump for BMC DSM Solutions Universal - MarketZone,Perpetual,ITOM,ITOM On Prem,per third-party software ,109221,PRP-00005160,Generally Available,USA List Prices 
Keyva Seamless Data Pump for BMC DSO Solutions - MarketZone,OPS,ITOM,ITOM On Prem,per third-party software ,3786.31,PRP-00004584,Generally Available,USA List Prices 
Keyva Seamless Data Pump for BMC DSO Solutions - MarketZone,Perpetual,ITOM,ITOM On Prem,per third-party software ,113589,PRP-00004585,Generally Available,USA List Prices 
MarketZone CoSell - Automate-it,OPS,Remediate,Remediate On Prem,N/A ,8333.33,PRP-00004724,Generally Available,USA List Prices 
MarketZone CoSell - Automate-it,Perpetual,Remediate,Remediate On Prem,N/A ,100000,PRP-00004725,Generally Available,USA List Prices 
MarketZone CoSell - Automation Anywhere,OPS,ITSM,ITSM On Prem,N/A ,0,PRP-00002532,Generally Available,USA List Prices 
MarketZone CoSell - Automation Anywhere,Perpetual,ITSM,ITSM On Prem,N/A ,0,PRP-00002533,Generally Available,USA List Prices 
MarketZone CoSell - Automation Anywhere - A+ Gold Support,OPS,ITSM,ITSM On Prem,N/A ,8333.33,PRP-00012517,Controlled,USA List Prices 
MarketZone CoSell - Automation Anywhere - A+ Gold Support,Perpetual,ITSM,ITSM On Prem,N/A ,100000,PRP-00012518,Controlled,USA List Prices 
MarketZone CoSell - Automation Anywhere - A+ Silver Support v2,OPS,ITSM,ITSM On Prem,N/A ,8333.33,PRP-00015155,Controlled,USA List Prices 
MarketZone CoSell - Automation Anywhere - A+ Silver Support v2,Perpetual,ITSM,ITSM On Prem,N/A ,100000,PRP-00015156,Controlled,USA List Prices 
MarketZone CoSell - Automation Anywhere - A+ Tokens - Americas,OPS,ITSM,ITSM On Prem,N/A ,8333.33,PRP-00012519,Controlled,USA List Prices 
MarketZone CoSell - Automation Anywhere - A+ Tokens - Americas,Perpetual,ITSM,ITSM On Prem,N/A ,100000,PRP-00012520,Controlled,USA List Prices 
MarketZone CoSell - Automation Anywhere - AAI Automation 360 On-Premises - Bot Insight Platform,OPS,ITSM,ITSM On Prem,N/A ,8333.33,PRP-00012521,Controlled,USA List Prices 
MarketZone CoSell - Automation Anywhere - AAI Automation 360 On-Premises - Bot Insight Platform,Perpetual,ITSM,ITSM On Prem,N/A ,100000,PRP-00012522,Controlled,USA List Prices 
MarketZone CoSell - Automation Anywhere - Annual Price Uplift,OPS,ITSM,ITSM On Prem,N/A ,8333.33,PRP-00012523,Controlled,USA List Prices 
MarketZone CoSell - Automation Anywhere - Annual Price Uplift,Perpetual,ITSM,ITSM On Prem,N/A ,100000,PRP-00012524,Controlled,USA List Prices 
MarketZone CoSell - Automation Anywhere - Automation 360 On-Premises - AARI (for Web),OPS,ITSM,ITSM On Prem,N/A ,8333.33,PRP-00012525,Controlled,USA List Prices 
MarketZone CoSell - Automation Anywhere - Automation 360 On-Premises - AARI (for Web),Perpetual,ITSM,ITSM On Prem,N/A ,100000,PRP-00012526,Controlled,USA List Prices 
MarketZone CoSell - Automation Anywhere - Automation 360 On-Premises - Bot Creator,OPS,ITSM,ITSM On Prem,N/A ,8333.33,PRP-00012527,Controlled,USA List Prices 
MarketZone CoSell - Automation Anywhere - Automation 360 On-Premises - Bot Creator,Perpetual,ITSM,ITSM On Prem,N/A ,100000,PRP-00012528,Controlled,USA List Prices 
MarketZone CoSell - Automation Anywhere - Automation 360 On-Premises - Bot Insight Platform,OPS,ITSM,ITSM On Prem,N/A ,8333.33,PRP-00012529,Controlled,USA List Prices 
MarketZone CoSell - Automation Anywhere - Automation 360 On-Premises - Bot Insight Platform,Perpetual,ITSM,ITSM On Prem,N/A ,100000,PRP-00012530,Controlled,USA List Prices 
MarketZone CoSell - Automation Anywhere - Automation 360 On-Premises - Bot Insight User,OPS,ITSM,ITSM On Prem,N/A ,8333.33,PRP-00012531,Controlled,USA List Prices 
MarketZone CoSell - Automation Anywhere - Automation 360 On-Premises - Bot Insight User,Perpetual,ITSM,ITSM On Prem,N/A ,100000,PRP-00012532,Controlled,USA List Prices 
MarketZone CoSell - Automation Anywhere - Automation 360 On-Premises - Bot Runner Attended,OPS,ITSM,ITSM On Prem,N/A ,8333.33,PRP-00012533,Controlled,USA List Prices 
MarketZone CoSell - Automation Anywhere - Automation 360 On-Premises - Bot Runner Attended,Perpetual,ITSM,ITSM On Prem,N/A ,100000,PRP-00012534,Controlled,USA List Prices 
MarketZone CoSell - Automation Anywhere - Automation 360 On-Premises - Bot Runner Unattended,OPS,ITSM,ITSM On Prem,N/A ,8333.33,PRP-00012535,Controlled,USA List Prices 
MarketZone CoSell - Automation Anywhere - Automation 360 On-Premises - Bot Runner Unattended,Perpetual,ITSM,ITSM On Prem,N/A ,100000,PRP-00012536,Controlled,USA List Prices 
MarketZone CoSell - Automation Anywhere - Automation 360 On-Premises - Citizen Developer,OPS,ITSM,ITSM On Prem,N/A ,8333.33,PRP-00014356,Controlled,USA List Prices 
MarketZone CoSell - Automation Anywhere - Automation 360 On-Premises - Citizen Developer,Perpetual,ITSM,ITSM On Prem,N/A ,100000,PRP-00014357,Controlled,USA List Prices 
MarketZone CoSell - Automation Anywhere - Automation 360 On-Premises - Control Room,OPS,ITSM,ITSM On Prem,N/A ,8333.33,PRP-00012537,Controlled,USA List Prices 
MarketZone CoSell - Automation Anywhere - Automation 360 On-Premises - Control Room,Perpetual,ITSM,ITSM On Prem,N/A ,100000,PRP-00012538,Controlled,USA List Prices 
MarketZone CoSell - Automation Anywhere - Automation 360 On-Premises - Co-Pilot/AARI (for Web),OPS,ITSM,ITSM On Prem,N/A ,8333.33,PRP-00012539,Controlled,USA List Prices 
MarketZone CoSell - Automation Anywhere - Automation 360 On-Premises - Co-Pilot/AARI (for Web),Perpetual,ITSM,ITSM On Prem,N/A ,100000,PRP-00012540,Controlled,USA List Prices 
MarketZone CoSell - Automation Anywhere - Automation 360 On-Premises - Digital Workforce Pack,OPS,ITSM,ITSM On Prem,N/A ,20833.33,PRP-00012541,Controlled,USA List Prices 
MarketZone CoSell - Automation Anywhere - Automation 360 On-Premises - Digital Workforce Pack,Perpetual,ITSM,ITSM On Prem,N/A ,250000,PRP-00012542,Controlled,USA List Prices 
MarketZone CoSell - Automation Anywhere - Automation 360 On-Premises - Discovery Bot Analyzer,OPS,ITSM,ITSM On Prem,N/A ,8333.33,PRP-00013338,Controlled,USA List Prices 
MarketZone CoSell - Automation Anywhere - Automation 360 On-Premises - Discovery Bot Analyzer,Perpetual,ITSM,ITSM On Prem,N/A ,100000,PRP-00013339,Controlled,USA List Prices 
MarketZone CoSell - Automation Anywhere - Automation 360 On-Premises - Discovery Bot Analyzer,SaaS,ITSM,ITSM On Prem,N/A ,8333.33,PRP-00013337,Controlled,USA List Prices 
MarketZone CoSell - Automation Anywhere - Automation 360 On-Premises - Discovery Bot Recorder,OPS,ITSM,ITSM On Prem,N/A ,8333.33,PRP-00013341,Controlled,USA List Prices 
MarketZone CoSell - Automation Anywhere - Automation 360 On-Premises - Discovery Bot Recorder,Perpetual,ITSM,ITSM On Prem,N/A ,100000,PRP-00013342,Controlled,USA List Prices 
MarketZone CoSell - Automation Anywhere - Automation 360 On-Premises - Discovery Bot Recorder,SaaS,ITSM,ITSM On Prem,N/A ,8333.33,PRP-00013340,Controlled,USA List Prices 
MarketZone CoSell - Automation Anywhere - Automation 360 On-Premises - Document Classifier,OPS,ITSM,ITSM On Prem,N/A ,8333.33,PRP-00012543,Controlled,USA List Prices 
MarketZone CoSell - Automation Anywhere - Automation 360 On-Premises - Document Classifier,Perpetual,ITSM,ITSM On Prem,N/A ,100000,PRP-00012544,Controlled,USA List Prices 
MarketZone CoSell - Automation Anywhere - Automation 360 On-Premises - Document Classifier 250K Pages,OPS,ITSM,ITSM On Prem,N/A ,8333.33,PRP-00012545,Controlled,USA List Prices 
MarketZone CoSell - Automation Anywhere - Automation 360 On-Premises - Document Classifier 250K Pages,Perpetual,ITSM,ITSM On Prem,N/A ,100000,PRP-00012546,Controlled,USA List Prices 
MarketZone CoSell - Automation Anywhere - Automation 360 On-Premises - IQ Bot 250K Pages,OPS,ITSM,ITSM On Prem,N/A ,8333.33,PRP-00012547,Controlled,USA List Prices 
MarketZone CoSell - Automation Anywhere - Automation 360 On-Premises - IQ Bot 250K Pages,Perpetual,ITSM,ITSM On Prem,N/A ,100000,PRP-00012548,Controlled,USA List Prices 
MarketZone CoSell - Automation Anywhere - Automation 360 On-Premises - Standard Pack,OPS,ITSM,ITSM On Prem,N/A ,8333.33,PRP-00015219,Controlled,USA List Prices 
MarketZone CoSell - Automation Anywhere - Automation 360 On-Premises - Standard Pack,Perpetual,ITSM,ITSM On Prem,N/A ,100000,PRP-00015220,Controlled,USA List Prices 
MarketZone CoSell - Automation Anywhere - Automation 360 Pure Cloud - Bot Runner Package,OPS,ITSM,ITSM On Prem,N/A ,8333.33,PRP-00015303,Controlled,USA List Prices 
MarketZone CoSell - Automation Anywhere - Automation 360 Pure Cloud - Bot Runner Package,Perpetual,ITSM,ITSM On Prem,N/A ,100000,PRP-00015304,Controlled,USA List Prices 
MarketZone CoSell - Automation Anywhere - Automation 360 Pure Cloud - Bot Runner Package,SaaS,ITSM,ITSM On Prem,N/A ,8333.33,PRP-00015302,Controlled,USA List Prices 
MarketZone CoSell - Automation Anywhere - Automation 360 Pure Cloud - Control Room,OPS,ITSM,ITSM On Prem,N/A ,8333.33,PRP-00015306,Controlled,USA List Prices 
MarketZone CoSell - Automation Anywhere - Automation 360 Pure Cloud - Control Room,Perpetual,ITSM,ITSM On Prem,N/A ,100000,PRP-00015307,Controlled,USA List Prices 
MarketZone CoSell - Automation Anywhere - Automation 360 Pure Cloud - Control Room,SaaS,ITSM,ITSM On Prem,N/A ,8333.33,PRP-00015305,Controlled,USA List Prices 
MarketZone CoSell - Automation Anywhere - Document Automation On-Premises - 1K Pages,OPS,ITSM,ITSM On Prem,N/A ,8333.33,PRP-00012549,Controlled,USA List Prices 
MarketZone CoSell - Automation Anywhere - Document Automation On-Premises - 1K Pages,Perpetual,ITSM,ITSM On Prem,N/A ,100000,PRP-00012550,Controlled,USA List Prices 
MarketZone CoSell - Automation Anywhere - Document Automation On-Premises - up to 50K Pages,OPS,ITSM,ITSM On Prem,N/A ,8333.33,PRP-00012551,Controlled,USA List Prices 
MarketZone CoSell - Automation Anywhere - Document Automation On-Premises - up to 50K Pages,Perpetual,ITSM,ITSM On Prem,N/A ,100000,PRP-00012552,Controlled,USA List Prices 
MarketZone CoSell - Automation Anywhere - Training Standard Subscription (5 User pack) T1,OPS,ITSM,ITSM On Prem,N/A ,8333.33,PRP-00012553,Controlled,USA List Prices 
MarketZone CoSell - Automation Anywhere - Training Standard Subscription (5 User pack) T1,Perpetual,ITSM,ITSM On Prem,N/A ,100000,PRP-00012554,Controlled,USA List Prices 
MarketZone CoSell - Avnet,OPS,ITOM,ITOM On Prem,N/A ,0,PRP-00004893,Generally Available,USA List Prices 
MarketZone CoSell - Avnet,Perpetual,ITOM,ITOM On Prem,N/A ,0,PRP-00004894,Generally Available,USA List Prices 
MarketZone CoSell - CCPro,OPS,ITSM,ITSM On Prem,N/A ,0,PRP-00004613,Generally Available,USA List Prices 
MarketZone CoSell - CCPro,Perpetual,ITSM,ITSM On Prem,N/A ,0,PRP-00004615,Generally Available,USA List Prices 
MarketZone CoSell - Changepoint,OPS,ITSM,ITSM On Prem,N/A ,0,PRP-00002268,Generally Available,USA List Prices 
MarketZone CoSell - Changepoint,Perpetual,ITSM,ITSM On Prem,N/A ,0,PRP-00002269,Generally Available,USA List Prices 
MarketZone CoSell - Edge Technologies Inc,OPS,ITOM,ITOM On Prem,N/A ,0,PRP-00005312,Generally Available,USA List Prices 
MarketZone CoSell - Edge Technologies Inc,Perpetual,ITOM,ITOM On Prem,N/A ,0,PRP-00005313,Generally Available,USA List Prices 
MarketZone CoSell - Entuity,OPS,CVT,BPPM,N/A ,0,PRP-00003140,Transition,USA List Prices 
MarketZone CoSell - Entuity,Perpetual,CVT,BPPM,N/A ,0,PRP-00003141,Transition,USA List Prices 
MarketZone CoSell - Evolven,OPS,ITSM,ITSM On Prem,N/A ,0,PRP-00010415,Generally Available,USA List Prices 
MarketZone CoSell - Evolven,Perpetual,ITSM,ITSM On Prem,N/A ,0,PRP-00010416,Generally Available,USA List Prices 
MarketZone CoSell - Evolven - SaaS,SaaS,ITSM,ITSM SaaS,N/A ,0,PRP-00010419,Generally Available,USA List Prices 
MarketZone CoSell - Flexera - Data Intelligence Service,OPS,ITSM,ITSM On Prem,N/A ,20833.33,PRP-00012555,Controlled,USA List Prices 
MarketZone CoSell - Flexera - Data Intelligence Service,Perpetual,ITSM,ITSM On Prem,N/A ,250000,PRP-00012556,Controlled,USA List Prices 
MarketZone CoSell - Flexera - Data Intelligence Service,SaaS,ITSM,ITSM On Prem,N/A ,20833.33,PRP-00013181,Controlled,USA List Prices 
MarketZone CoSell - Flexera - Inbound Royalty,OPS,ITSM,ITSM On Prem,N/A ,0,PRP-00012396,Generally Available,USA List Prices 
MarketZone CoSell - Flexera - Inbound Royalty,Perpetual,ITSM,ITSM On Prem,N/A ,0,PRP-00012397,Generally Available,USA List Prices 
MarketZone CoSell - Flexera - ITAM Navigator (inc. SaaS) - Onboarding,OPS,ITSM,ITSM On Prem,N/A ,8333.33,PRP-00015327,Controlled,USA List Prices 
MarketZone CoSell - Flexera - ITAM Navigator (inc. SaaS) - Onboarding,Perpetual,ITSM,ITSM On Prem,N/A ,100000,PRP-00015328,Controlled,USA List Prices 
MarketZone CoSell - Flexera - ITAM Navigator (inc. SaaS) - Onboarding,SaaS,ITSM,ITSM On Prem,N/A ,8333.33,PRP-00015326,Controlled,USA List Prices 
MarketZone CoSell - Flexera - One Enterprise Cloud Subscription,SaaS,ITSM,ITSM On Prem,N/A ,83333.33,PRP-00015344,Controlled,USA List Prices 
MarketZone CoSell - Flexera - One IT Visibility with Technology Intelligence Platform and Asset Management Advanced Cloud Subscription,OPS,ITSM,ITSM On Prem,N/A ,20833.33,PRP-00015191,Controlled,USA List Prices 
MarketZone CoSell - Flexera - One IT Visibility with Technology Intelligence Platform and Asset Management Advanced Cloud Subscription,Perpetual,ITSM,ITSM On Prem,N/A ,250000,PRP-00015192,Controlled,USA List Prices 
MarketZone CoSell - Flexera - One IT Visibility with Technology Intelligence Platform and Asset Management Advanced Cloud Subscription,SaaS,ITSM,ITSM On Prem,N/A ,250000,PRP-00015190,Controlled,USA List Prices 
MarketZone CoSell - Flexera - One IT Visibility with Technology Intelligence Platform Subscription,OPS,ITSM,ITSM On Prem,N/A ,8333.33,PRP-00015159,Controlled,USA List Prices 
MarketZone CoSell - Flexera - One IT Visibility with Technology Intelligence Platform Subscription,Perpetual,ITSM,ITSM On Prem,N/A ,100000,PRP-00015160,Controlled,USA List Prices 
MarketZone CoSell - Flexera - One IT Visibility with Technology Intelligence Platform Subscription,SaaS,ITSM,ITSM On Prem,N/A ,8333.33,PRP-00015163,Controlled,USA List Prices 
MarketZone CoSell - Flexera - Outbound Royalty,OPS,ITSM,ITSM On Prem,N/A ,0,PRP-00012398,Generally Available,USA List Prices 
MarketZone CoSell - Flexera - Outbound Royalty,Perpetual,ITSM,ITSM On Prem,N/A ,0,PRP-00012399,Generally Available,USA List Prices 
MarketZone CoSell - Flexera - Premium Consulting Fixed Price,OPS,ITSM,ITSM On Prem,N/A ,8333.33,PRP-00013163,Controlled,USA List Prices 
MarketZone CoSell - Flexera - Premium Consulting Fixed Price,Perpetual,ITSM,ITSM On Prem,N/A ,100000,PRP-00013164,Controlled,USA List Prices 
MarketZone CoSell - Flexera - Premium Consulting Fixed Price,SaaS,ITSM,ITSM On Prem,N/A ,8333.33,PRP-00013175,Controlled,USA List Prices 
MarketZone CoSell - Flexera - Snow Atlas - Advanced,OPS,ITSM,ITSM On Prem,N/A ,8333.33,PRP-00015294,Controlled,USA List Prices 
MarketZone CoSell - Flexera - Snow Atlas - Advanced,Perpetual,ITSM,ITSM On Prem,N/A ,100000,PRP-00015295,Controlled,USA List Prices 
MarketZone CoSell - Flexera - Snow Atlas - Advanced,SaaS,ITSM,ITSM On Prem,N/A ,8333.33,PRP-00015293,Controlled,USA List Prices 
MarketZone CoSell - Flexera - Snow ITSM Enhancer,OPS,ITSM,ITSM On Prem,N/A ,8333.33,PRP-00013165,Controlled,USA List Prices 
MarketZone CoSell - Flexera - Snow ITSM Enhancer,Perpetual,ITSM,ITSM On Prem,N/A ,100000,PRP-00013166,Controlled,USA List Prices 
MarketZone CoSell - Flexera - Snow ITSM Enhancer,SaaS,ITSM,ITSM On Prem,N/A ,8333.33,PRP-00013176,Controlled,USA List Prices 
MarketZone CoSell - Flexera - Snow License Intelligence,OPS,ITSM,ITSM On Prem,N/A ,8333.33,PRP-00015574,Controlled,USA List Prices 
MarketZone CoSell - Flexera - Snow License Intelligence,SaaS,ITSM,ITSM On Prem,N/A ,8333.33,PRP-00015575,Controlled,USA List Prices 
MarketZone CoSell - Flexera - Snow SaaS Management,OPS,ITSM,ITSM On Prem,N/A ,8333.33,PRP-00013167,Controlled,USA List Prices 
MarketZone CoSell - Flexera - Snow SaaS Management,Perpetual,ITSM,ITSM On Prem,N/A ,100000,PRP-00013168,Controlled,USA List Prices 
MarketZone CoSell - Flexera - Snow SaaS Management,SaaS,ITSM,ITSM On Prem,N/A ,8333.33,PRP-00013177,Controlled,USA List Prices 
MarketZone CoSell - Flexera - Snow Spend Optimizer - SAM,OPS,ITSM,ITSM On Prem,N/A ,20833.33,PRP-00012557,Controlled,USA List Prices 
MarketZone CoSell - Flexera - Snow Spend Optimizer - SAM,Perpetual,ITSM,ITSM On Prem,N/A ,250000,PRP-00012558,Controlled,USA List Prices 
MarketZone CoSell - Flexera - Snow Spend Optimizer - SAM,SaaS,ITSM,ITSM On Prem,N/A ,20833.33,PRP-00013182,Controlled,USA List Prices 
MarketZone CoSell - Flexera - Value Navigator - ITAM Navigator (inc. SaaS),OPS,ITSM,ITSM On Prem,N/A ,8333.33,PRP-00015330,Controlled,USA List Prices 
MarketZone CoSell - Flexera - Value Navigator - ITAM Navigator (inc. SaaS),Perpetual,ITSM,ITSM On Prem,N/A ,100000,PRP-00015331,Controlled,USA List Prices 
MarketZone CoSell - Flexera - Value Navigator - ITAM Navigator (inc. SaaS),SaaS,ITSM,ITSM On Prem,N/A ,8333.33,PRP-00015329,Controlled,USA List Prices 
MarketZone CoSell - from Evolven,OPS,ITSM,ITSM On Prem,N/A ,0,PRP-00010417,Generally Available,USA List Prices 
MarketZone CoSell - from Evolven,Perpetual,ITSM,ITSM On Prem,N/A ,0,PRP-00010418,Generally Available,USA List Prices 
MarketZone CoSell - from Evolven - SaaS,SaaS,ITSM,ITSM SaaS,N/A ,0,PRP-00010420,Generally Available,USA List Prices 
MarketZone CoSell - from Metricstream,SaaS,ITSM,ITSM SaaS,N/A ,0,PRP-00007221,Generally Available,USA List Prices 
MarketZone CoSell - from Moviri,OPS,ITOM,ITOM On Prem,N/A ,0,PRP-00000241,Generally Available,USA List Prices 
MarketZone CoSell - from Moviri,Perpetual,ITOM,ITOM On Prem,N/A ,0,PRP-00000242,Generally Available,USA List Prices 
MarketZone CoSell - from Snow,OPS,ITSM,ITSM On Prem,N/A ,0,PRP-00006986,Generally Available,USA List Prices 
MarketZone CoSell - from Snow - SaaS,SaaS,ITSM,ITSM SaaS,N/A ,0,PRP-00007273,Generally Available,USA List Prices 
MarketZone CoSell - Fusion,OPS,ITOM,ITOM On Prem,N/A ,0,PRP-00002222,Generally Available,USA List Prices 
MarketZone CoSell - Fusion,Perpetual,ITOM,ITOM On Prem,N/A ,0,PRP-00002223,Generally Available,USA List Prices 
MarketZone CoSell - Fusion - Fusion eBonding Subscription,OPS,ITOM,ITOM On Prem,N/A ,20833.33,PRP-00015417,Controlled,USA List Prices 
MarketZone CoSell - Fusion - Fusion eBonding Subscription,SaaS,ITOM,ITOM On Prem,N/A ,20833.33,PRP-00015416,Controlled,USA List Prices 
MarketZone CoSell - Future Facilities,OPS,CVT,RLM,N/A ,0,PRP-00005319,Generally Available,USA List Prices 
MarketZone CoSell - Future Facilities,Perpetual,CVT,RLM,N/A ,0,PRP-00005320,Generally Available,USA List Prices 
MarketZone CoSell - Generic ESM,OPS,ITSM,ITSM On Prem,N/A ,0,PRP-00001092,Generally Available,USA List Prices 
MarketZone CoSell - Generic ESM,Perpetual,ITSM,ITSM On Prem,N/A ,0,PRP-00001093,Generally Available,USA List Prices 
MarketZone CoSell - Jitterbit,OPS,ITSM,ITSM SaaS,N/A ,0,PRP-00001328,Generally Available,USA List Prices 
MarketZone CoSell - Jitterbit,Perpetual,ITSM,ITSM SaaS,N/A ,0,PRP-00001329,Generally Available,USA List Prices 
MarketZone CoSell - Keyva - Software Support Renewal,OPS,ITOM,ITOM On Prem,N/A ,8333.33,PRP-00013356,Controlled,USA List Prices 
MarketZone CoSell - Keyva - Software Support Renewal,Perpetual,ITOM,ITOM On Prem,N/A ,100000,PRP-00013357,Controlled,USA List Prices 
MarketZone CoSell - Keyva - Software Support Renewal,SaaS,ITOM,ITOM On Prem,N/A ,8333.33,PRP-00013355,Controlled,USA List Prices 
MarketZone CoSell - Kore.ai,OPS,ITSM,ITSM SaaS,N/A ,0,PRP-00004752,Generally Available,USA List Prices 
MarketZone CoSell - Kore.ai,Perpetual,ITSM,ITSM SaaS,N/A ,0,PRP-00004753,Generally Available,USA List Prices 
MarketZone CoSell - Metricstream,SaaS,ITSM,ITSM SaaS,N/A ,0,PRP-00007228,Generally Available,USA List Prices 
MarketZone CoSell - Metricstream - AiSPIRE,OPS,ITSM,ITSM SaaS,N/A ,20833.33,PRP-00013186,Controlled,USA List Prices 
MarketZone CoSell - Metricstream - AiSPIRE,Perpetual,ITSM,ITSM SaaS,N/A ,250000,PRP-00013187,Controlled,USA List Prices 
MarketZone CoSell - Metricstream - AiSPIRE,SaaS,ITSM,ITSM SaaS,N/A ,20833.33,PRP-00013185,Controlled,USA List Prices 
MarketZone CoSell - Metricstream - Business Continuity Management,OPS,ITSM,ITSM SaaS,N/A ,20833.33,PRP-00013923,Controlled,USA List Prices 
MarketZone CoSell - Metricstream - Business Continuity Management,SaaS,ITSM,ITSM SaaS,N/A ,250000,PRP-00013922,Controlled,USA List Prices 
MarketZone CoSell - Metricstream - Internal Audit Management,OPS,ITSM,ITSM SaaS,N/A ,20833.33,PRP-00013925,Controlled,USA List Prices 
MarketZone CoSell - Metricstream - Internal Audit Management,SaaS,ITSM,ITSM SaaS,N/A ,250000,PRP-00013924,Controlled,USA List Prices 
MarketZone CoSell - Metricstream - IT & Cyber Compliance,OPS,ITSM,ITSM SaaS,N/A ,20833.33,PRP-00013204,Controlled,USA List Prices 
MarketZone CoSell - Metricstream - IT & Cyber Compliance,Perpetual,ITSM,ITSM SaaS,N/A ,250000,PRP-00013205,Controlled,USA List Prices 
MarketZone CoSell - Metricstream - IT & Cyber Compliance,SaaS,ITSM,ITSM SaaS,N/A ,20833.33,PRP-00013203,Controlled,USA List Prices 
MarketZone CoSell - Metricstream - IT & Cyber Compliance Management,OPS,ITSM,ITSM SaaS,N/A ,20833.33,PRP-00013946,Controlled,USA List Prices 
MarketZone CoSell - Metricstream - IT & Cyber Compliance Management,SaaS,ITSM,ITSM SaaS,N/A ,250000,PRP-00013926,Controlled,USA List Prices 
MarketZone CoSell - Metricstream - IT & Cyber Risk Management,OPS,ITSM,ITSM SaaS,N/A ,20833.33,PRP-00013192,Controlled,USA List Prices 
MarketZone CoSell - Metricstream - IT & Cyber Risk Management,Perpetual,ITSM,ITSM SaaS,N/A ,250000,PRP-00013193,Controlled,USA List Prices 
MarketZone CoSell - Metricstream - IT & Cyber Risk Management,SaaS,ITSM,ITSM SaaS,N/A ,20833.33,PRP-00013191,Controlled,USA List Prices 
MarketZone CoSell - Metricstream - Operational Risk Management,OPS,ITSM,ITSM SaaS,N/A ,20833.33,PRP-00013929,Controlled,USA List Prices 
MarketZone CoSell - Metricstream - Operational Risk Management,SaaS,ITSM,ITSM SaaS,N/A ,250000,PRP-00013928,Controlled,USA List Prices 
MarketZone CoSell - Metricstream - Policy & Document Management,OPS,ITSM,ITSM SaaS,N/A ,20833.33,PRP-00013931,Controlled,USA List Prices 
MarketZone CoSell - Metricstream - Policy & Document Management,SaaS,ITSM,ITSM SaaS,N/A ,250000,PRP-00013930,Controlled,USA List Prices 
MarketZone CoSell - Metricstream - Third Party Risk Management,OPS,ITSM,ITSM SaaS,N/A ,20833.33,PRP-00013933,Controlled,USA List Prices 
MarketZone CoSell - Metricstream - Third Party Risk Management,SaaS,ITSM,ITSM SaaS,N/A ,250000,PRP-00013932,Controlled,USA List Prices 
MarketZone CoSell - Micro Focus,OPS,ITOM,ITOM On Prem,N/A ,0,PRP-00005031,Generally Available,USA List Prices 
MarketZone CoSell - Micro Focus,Perpetual,ITOM,ITOM On Prem,N/A ,0,PRP-00005032,Generally Available,USA List Prices 
MarketZone CoSell - Moviri,OPS,ITOM,ITOM On Prem,N/A ,0,PRP-00002670,Generally Available,USA List Prices 
MarketZone CoSell - Moviri,Perpetual,ITOM,ITOM On Prem,N/A ,0,PRP-00002671,Generally Available,USA List Prices 
MarketZone CoSell - nlyte Software,OPS,ITOM,ITOM On Prem,N/A ,0,PRP-00004403,Generally Available,USA List Prices 
MarketZone CoSell - nlyte Software,Perpetual,ITOM,ITOM On Prem,N/A ,0,PRP-00004404,Generally Available,USA List Prices 
MarketZone CoSell - Numerify,OPS,ITOM,ITOM On Prem,N/A ,0,PRP-00000245,Generally Available,USA List Prices 
MarketZone CoSell - Numerify,Perpetual,ITOM,ITOM On Prem,N/A ,0,PRP-00000246,Generally Available,USA List Prices 
MarketZone Cosell - ProactivePack,OPS,ITOM,ITOM On Prem,N/A ,0,PRP-00001476,Generally Available,USA List Prices 
MarketZone Cosell - ProactivePack,Perpetual,ITOM,ITOM On Prem,N/A ,0,PRP-00001477,Generally Available,USA List Prices 
MarketZone CoSell - ProactivePack for Events - Device,OPS,ITOM,ITOM On Prem,N/A ,8333.33,PRP-00012559,Controlled,USA List Prices 
MarketZone CoSell - ProactivePack for Events - Device,Perpetual,ITOM,ITOM On Prem,N/A ,100000,PRP-00012560,Controlled,USA List Prices 
MarketZone CoSell - ProactivePack for Events - Server,OPS,ITOM,ITOM On Prem,N/A ,8333.33,PRP-00012561,Controlled,USA List Prices 
MarketZone CoSell - ProactivePack for Events - Server,Perpetual,ITOM,ITOM On Prem,N/A ,100000,PRP-00012562,Controlled,USA List Prices 
MarketZone CoSell - Sentry,OPS,ITOM,ITOM On Prem,N/A ,0,PRP-00005033,Generally Available,USA List Prices 
MarketZone CoSell - Sentry,Perpetual,ITOM,ITOM On Prem,N/A ,0,PRP-00005034,Generally Available,USA List Prices 
MarketZone CoSell - Sentry - Sentry Services,OPS,ITOM,ITOM On Prem,N/A ,41666.67,PRP-00015376,Controlled,USA List Prices 
MarketZone CoSell - Sentry - Sentry Services,SaaS,ITOM,ITOM On Prem,N/A ,41666.67,PRP-00015375,Controlled,USA List Prices 
MarketZone CoSell - Snow,OPS,ITSM,ITSM On Prem,N/A ,0,PRP-00006988,Generally Available,USA List Prices 
MarketZone CoSell - Snow - SaaS,SaaS,ITSM,ITSM SaaS,N/A ,0,PRP-00007269,Generally Available,USA List Prices 
MarketZone CoSell - Spectrum Mobile Reach,OPS,ITOM,ITOM On Prem,N/A ,0,PRP-00005867,Generally Available,USA List Prices 
MarketZone CoSell - Spectrum Mobile Reach,Perpetual,ITOM,ITOM On Prem,N/A ,0,PRP-00005868,Generally Available,USA List Prices 
MarketZone CoSell - Spectrum Mobile Reach - Configuration and Implementation Services,OPS,ITOM,ITOM On Prem,Each ,41666.67,PRP-00013362,Controlled,USA List Prices 
MarketZone CoSell - Spectrum Mobile Reach - Configuration and Implementation Services,SaaS,ITOM,ITOM On Prem,Each ,41666.67,PRP-00013361,Controlled,USA List Prices 
MarketZone CoSell - Spectrum Mobile Reach - Gateway Package - Prod GW; Non-Prod GW; AppStudio; All Template Apps,OPS,ITOM,ITOM On Prem,N/A ,20833.33,PRP-00012563,Controlled,USA List Prices 
MarketZone CoSell - Spectrum Mobile Reach - Gateway Package - Prod GW; Non-Prod GW; AppStudio; All Template Apps,Perpetual,ITOM,ITOM On Prem,N/A ,250000,PRP-00012564,Controlled,USA List Prices 
MarketZone CoSell - Spectrum Mobile Reach - Mobile Reach Annual Hosting,SaaS,ITOM,ITOM On Prem,Each ,8333.33,PRP-00013886,Controlled,USA List Prices 
MarketZone CoSell - Spectrum Mobile Reach - Mobile Reach Field Service Management Dispatcher,OPS,ITOM,ITOM On Prem,per named user ,8333.33,PRP-00013364,Controlled,USA List Prices 
MarketZone CoSell - Spectrum Mobile Reach - Mobile Reach Field Service Management Dispatcher,SaaS,ITOM,ITOM On Prem,per named user ,8333.33,PRP-00013363,Controlled,USA List Prices 
MarketZone CoSell - Spectrum Mobile Reach - Mobile Reach Field Service Management Field Agent,OPS,ITOM,ITOM On Prem,per named user ,8333.33,PRP-00013366,Controlled,USA List Prices 
MarketZone CoSell - Spectrum Mobile Reach - Mobile Reach Field Service Management Field Agent,SaaS,ITOM,ITOM On Prem,per named user ,8333.33,PRP-00013365,Controlled,USA List Prices 
MarketZone CoSell - Spectrum Mobile Reach - Mobile Reach for BMC Helix Client - Concurrent licenses,OPS,ITOM,ITOM On Prem,per concurrent user ,8333.33,PRP-00013368,Controlled,USA List Prices 
MarketZone CoSell - Spectrum Mobile Reach - Mobile Reach for BMC Helix Client - Concurrent licenses,SaaS,ITOM,ITOM On Prem,per concurrent user ,8333.33,PRP-00013367,Controlled,USA List Prices 
MarketZone CoSell - Spectrum Mobile Reach - Mobile Reach for BMC Helix Named Client,OPS,ITOM,ITOM On Prem,per named user ,8333.33,PRP-00013370,Controlled,USA List Prices 
MarketZone CoSell - Spectrum Mobile Reach - Mobile Reach for BMC Helix Named Client,SaaS,ITOM,ITOM On Prem,per named user ,8333.33,PRP-00013369,Controlled,USA List Prices 
MarketZone CoSell - Spectrum Mobile Reach - Mobile Reach for BMC Helix Named Client Dispatcher,OPS,ITOM,ITOM On Prem,per named user ,8333.33,PRP-00013372,Controlled,USA List Prices 
MarketZone CoSell - Spectrum Mobile Reach - Mobile Reach for BMC Helix Named Client Dispatcher,SaaS,ITOM,ITOM On Prem,per named user ,8333.33,PRP-00013371,Controlled,USA List Prices 
MarketZone CoSell - Spectrum Mobile Reach - Mobile Reach for BMC Helix Named Client for Field Agent,OPS,ITOM,ITOM On Prem,per named user ,8333.33,PRP-00013374,Controlled,USA List Prices 
MarketZone CoSell - Spectrum Mobile Reach - Mobile Reach for BMC Helix Named Client for Field Agent,SaaS,ITOM,ITOM On Prem,per named user ,8333.33,PRP-00013373,Controlled,USA List Prices 
MarketZone CoSell - Spectrum Mobile Reach - Splitware High Volume Upgrade,OPS,ITOM,ITOM On Prem,N/A ,8333.33,PRP-00013252,Controlled,USA List Prices 
MarketZone CoSell - Spectrum Mobile Reach - Splitware High Volume Upgrade,Perpetual,ITOM,ITOM On Prem,N/A ,100000,PRP-00013253,Controlled,USA List Prices 
MarketZone CoSell - Spectrum Mobile Reach - Splitware High Volume Upgrade,SaaS,ITOM,ITOM On Prem,N/A ,8333.33,PRP-00013251,Controlled,USA List Prices 
MarketZone CoSell - Spectrum Mobile Reach - Standard Maintenance for Splitware Concurrent Client Licenses - under 100 user count,OPS,ITOM,ITOM On Prem,N/A ,8333.33,PRP-00013255,Controlled,USA List Prices 
MarketZone CoSell - Spectrum Mobile Reach - Standard Maintenance for Splitware Concurrent Client Licenses - under 100 user count,Perpetual,ITOM,ITOM On Prem,N/A ,100000,PRP-00013256,Controlled,USA List Prices 
MarketZone CoSell - Spectrum Mobile Reach - Standard Maintenance for Splitware Concurrent Client Licenses - under 100 user count,SaaS,ITOM,ITOM On Prem,N/A ,8333.33,PRP-00013254,Controlled,USA List Prices 
MarketZone CoSell - Spectrum Mobile Reach - Standard Maintenance Package for Splitware Gateway,OPS,ITOM,ITOM On Prem,N/A ,8333.33,PRP-00013258,Controlled,USA List Prices 
MarketZone CoSell - Spectrum Mobile Reach - Standard Maintenance Package for Splitware Gateway,Perpetual,ITOM,ITOM On Prem,N/A ,100000,PRP-00013259,Controlled,USA List Prices 
MarketZone CoSell - Spectrum Mobile Reach - Standard Maintenance Package for Splitware Gateway,SaaS,ITOM,ITOM On Prem,N/A ,8333.33,PRP-00013257,Controlled,USA List Prices 
MarketZone CoSell - Spectrum Mobile Reach - Subscription 100+ Named Client License,OPS,ITOM,ITOM On Prem,N/A ,8333.33,PRP-00012565,Controlled,USA List Prices 
MarketZone CoSell - Spectrum Mobile Reach - Subscription 100+ Named Client License,Perpetual,ITOM,ITOM On Prem,N/A ,100000,PRP-00012566,Controlled,USA List Prices 
MarketZone CoSell - Sunbird,OPS,ITSM,ITSM On Prem,N/A ,0,PRP-00003950,Generally Available,USA List Prices 
MarketZone CoSell - Sunbird,Perpetual,ITSM,ITSM On Prem,N/A ,0,PRP-00003951,Generally Available,USA List Prices 
MarketZone CoSell - SunBird - dcTrack Software and License to Use for up to 250 cabinets,OPS,ITSM,ITSM On Prem,N/A ,20833.33,PRP-00013314,Controlled,USA List Prices 
MarketZone CoSell - SunBird - dcTrack Software and License to Use for up to 250 cabinets,Perpetual,ITSM,ITSM On Prem,N/A ,250000,PRP-00013315,Controlled,USA List Prices 
MarketZone CoSell - SunBird - dcTrack Software and License to Use for up to 250 cabinets,SaaS,ITSM,ITSM On Prem,N/A ,20833.33,PRP-00013313,Controlled,USA List Prices 
MarketZone CoSell - SunBird - dcTrack SW Maintenance for up to 250 cabinets,OPS,ITSM,ITSM On Prem,N/A ,8333.33,PRP-00013317,Controlled,USA List Prices 
MarketZone CoSell - SunBird - dcTrack SW Maintenance for up to 250 cabinets,Perpetual,ITSM,ITSM On Prem,N/A ,100000,PRP-00013318,Controlled,USA List Prices 
MarketZone CoSell - SunBird - dcTrack SW Maintenance for up to 250 cabinets,SaaS,ITSM,ITSM On Prem,N/A ,8333.33,PRP-00013316,Controlled,USA List Prices 
MarketZone CoSell - SunBird - Existing Documentation - Data Migration of Assets - Floor Plan; Cabinets and Assets per cabinet pricing,OPS,ITSM,ITSM On Prem,N/A ,8333.33,PRP-00013320,Controlled,USA List Prices 
MarketZone CoSell - SunBird - Existing Documentation - Data Migration of Assets - Floor Plan; Cabinets and Assets per cabinet pricing,Perpetual,ITSM,ITSM On Prem,N/A ,100000,PRP-00013321,Controlled,USA List Prices 
MarketZone CoSell - SunBird - Existing Documentation - Data Migration of Assets - Floor Plan; Cabinets and Assets per cabinet pricing,SaaS,ITSM,ITSM On Prem,N/A ,8333.33,PRP-00013319,Controlled,USA List Prices 
MarketZone CoSell - SunBird - Remote Training on Sunbird DCIM,OPS,ITSM,ITSM On Prem,N/A ,8333.33,PRP-00013323,Controlled,USA List Prices 
MarketZone CoSell - SunBird - Remote Training on Sunbird DCIM,Perpetual,ITSM,ITSM On Prem,N/A ,100000,PRP-00013324,Controlled,USA List Prices 
MarketZone CoSell - SunBird - Remote Training on Sunbird DCIM,SaaS,ITSM,ITSM On Prem,N/A ,8333.33,PRP-00013322,Controlled,USA List Prices 
MarketZone CoSell - Whatfix,OPS,ITSM,ITSM SaaS,N/A ,0,PRP-00000992,Generally Available,USA List Prices 
MarketZone CoSell - Whatfix,Perpetual,ITSM,ITSM SaaS,N/A ,0,PRP-00000993,Generally Available,USA List Prices 
MarketZone CoSell - xMatters,OPS,ITOM,ITOM On Prem,N/A ,0,PRP-00003977,Generally Available,USA List Prices 
MarketZone CoSell - xMatters,Perpetual,ITOM,ITOM On Prem,N/A ,0,PRP-00003978,Generally Available,USA List Prices 
MarketZone CoSell from - Automate-it,OPS,Remediate,Remediate On Prem,N/A ,8333.33,PRP-00003952,Generally Available,USA List Prices 
MarketZone CoSell from - Automate-it,Perpetual,Remediate,Remediate On Prem,N/A ,100000,PRP-00003953,Generally Available,USA List Prices 
MarketZone CoSell from - Automation Anywhere,OPS,ITSM,ITSM On Prem,N/A ,0,PRP-00000410,Generally Available,USA List Prices 
MarketZone CoSell from - Automation Anywhere,Perpetual,ITSM,ITSM On Prem,N/A ,0,PRP-00000411,Generally Available,USA List Prices 
MarketZone CoSell from - Automation Anywhere - A+ Gold Support,OPS,ITSM,ITSM On Prem,N/A ,8333.33,PRP-00012567,Controlled,USA List Prices 
MarketZone CoSell from - Automation Anywhere - A+ Gold Support,Perpetual,ITSM,ITSM On Prem,N/A ,100000,PRP-00012568,Controlled,USA List Prices 
MarketZone CoSell from - Automation Anywhere - A+ Silver Support v2,OPS,ITSM,ITSM On Prem,N/A ,8333.33,PRP-00015157,Controlled,USA List Prices 
MarketZone CoSell from - Automation Anywhere - A+ Silver Support v2,Perpetual,ITSM,ITSM On Prem,N/A ,100000,PRP-00015158,Controlled,USA List Prices 
MarketZone CoSell from - Automation Anywhere - A+ Tokens - Americas,OPS,ITSM,ITSM On Prem,N/A ,8333.33,PRP-00012569,Controlled,USA List Prices 
MarketZone CoSell from - Automation Anywhere - A+ Tokens - Americas,Perpetual,ITSM,ITSM On Prem,N/A ,100000,PRP-00012570,Controlled,USA List Prices 
MarketZone CoSell from - Automation Anywhere - AAI Automation 360 On-Premises - Bot Insight Platform,OPS,ITSM,ITSM On Prem,N/A ,8333.33,PRP-00012571,Controlled,USA List Prices 
MarketZone CoSell from - Automation Anywhere - AAI Automation 360 On-Premises - Bot Insight Platform,Perpetual,ITSM,ITSM On Prem,N/A ,100000,PRP-00012572,Controlled,USA List Prices 
MarketZone CoSell from - Automation Anywhere - Annual Price Uplift,OPS,ITSM,ITSM On Prem,N/A ,8333.33,PRP-00012573,Controlled,USA List Prices 
MarketZone CoSell from - Automation Anywhere - Annual Price Uplift,Perpetual,ITSM,ITSM On Prem,N/A ,100000,PRP-00012574,Controlled,USA List Prices 
MarketZone CoSell from - Automation Anywhere - Automation 360 On-Premises - AARI (for Web),OPS,ITSM,ITSM On Prem,N/A ,8333.33,PRP-00012575,Controlled,USA List Prices 
MarketZone CoSell from - Automation Anywhere - Automation 360 On-Premises - AARI (for Web),Perpetual,ITSM,ITSM On Prem,N/A ,100000,PRP-00012576,Controlled,USA List Prices 
MarketZone CoSell from - Automation Anywhere - Automation 360 On-Premises - Bot Creator,OPS,ITSM,ITSM On Prem,N/A ,8333.33,PRP-00012577,Controlled,USA List Prices 
MarketZone CoSell from - Automation Anywhere - Automation 360 On-Premises - Bot Creator,Perpetual,ITSM,ITSM On Prem,N/A ,100000,PRP-00012578,Controlled,USA List Prices 
MarketZone CoSell from - Automation Anywhere - Automation 360 On-Premises - Bot Insight Platform,OPS,ITSM,ITSM On Prem,N/A ,8333.33,PRP-00012579,Controlled,USA List Prices 
MarketZone CoSell from - Automation Anywhere - Automation 360 On-Premises - Bot Insight Platform,Perpetual,ITSM,ITSM On Prem,N/A ,100000,PRP-00012580,Controlled,USA List Prices 
MarketZone CoSell from - Automation Anywhere - Automation 360 On-Premises - Bot Insight User,OPS,ITSM,ITSM On Prem,N/A ,8333.33,PRP-00012581,Controlled,USA List Prices 
MarketZone CoSell from - Automation Anywhere - Automation 360 On-Premises - Bot Insight User,Perpetual,ITSM,ITSM On Prem,N/A ,100000,PRP-00012582,Controlled,USA List Prices 
MarketZone CoSell from - Automation Anywhere - Automation 360 On-Premises - Bot Runner Attended,OPS,ITSM,ITSM On Prem,N/A ,8333.33,PRP-00012583,Controlled,USA List Prices 
MarketZone CoSell from - Automation Anywhere - Automation 360 On-Premises - Bot Runner Attended,Perpetual,ITSM,ITSM On Prem,N/A ,100000,PRP-00012584,Controlled,USA List Prices 
MarketZone CoSell from - Automation Anywhere - Automation 360 On-Premises - Bot Runner Unattended,OPS,ITSM,ITSM On Prem,N/A ,8333.33,PRP-00012585,Controlled,USA List Prices 
MarketZone CoSell from - Automation Anywhere - Automation 360 On-Premises - Bot Runner Unattended,Perpetual,ITSM,ITSM On Prem,N/A ,100000,PRP-00012586,Controlled,USA List Prices 
MarketZone CoSell from - Automation Anywhere - Automation 360 On-Premises - Citizen Developer,OPS,ITSM,ITSM On Prem,N/A ,8333.33,PRP-00014358,Controlled,USA List Prices 
MarketZone CoSell from - Automation Anywhere - Automation 360 On-Premises - Citizen Developer,Perpetual,ITSM,ITSM On Prem,N/A ,100000,PRP-00014359,Controlled,USA List Prices 
MarketZone CoSell from - Automation Anywhere - Automation 360 On-Premises - Control Room,OPS,ITSM,ITSM On Prem,N/A ,8333.33,PRP-00012587,Controlled,USA List Prices 
MarketZone CoSell from - Automation Anywhere - Automation 360 On-Premises - Control Room,Perpetual,ITSM,ITSM On Prem,N/A ,100000,PRP-00012588,Controlled,USA List Prices 
MarketZone CoSell from - Automation Anywhere - Automation 360 On-Premises - Co-Pilot/AARI (for Web),OPS,ITSM,ITSM On Prem,N/A ,8333.33,PRP-00012589,Controlled,USA List Prices 
MarketZone CoSell from - Automation Anywhere - Automation 360 On-Premises - Co-Pilot/AARI (for Web),Perpetual,ITSM,ITSM On Prem,N/A ,100000,PRP-00012590,Controlled,USA List Prices 
MarketZone CoSell from - Automation Anywhere - Automation 360 On-Premises - Digital Workforce Pack,OPS,ITSM,ITSM On Prem,N/A ,20833.33,PRP-00012591,Controlled,USA List Prices 
MarketZone CoSell from - Automation Anywhere - Automation 360 On-Premises - Digital Workforce Pack,Perpetual,ITSM,ITSM On Prem,N/A ,250000,PRP-00012592,Controlled,USA List Prices 
MarketZone CoSell from - Automation Anywhere - Automation 360 On-Premises - Discovery Bot Analyzer,OPS,ITSM,ITSM On Prem,N/A ,8333.33,PRP-00013344,Controlled,USA List Prices 
MarketZone CoSell from - Automation Anywhere - Automation 360 On-Premises - Discovery Bot Analyzer,Perpetual,ITSM,ITSM On Prem,N/A ,100000,PRP-00013345,Controlled,USA List Prices 
MarketZone CoSell from - Automation Anywhere - Automation 360 On-Premises - Discovery Bot Analyzer,SaaS,ITSM,ITSM On Prem,N/A ,8333.33,PRP-00013343,Controlled,USA List Prices 
MarketZone CoSell from - Automation Anywhere - Automation 360 On-Premises - Discovery Bot Recorder,OPS,ITSM,ITSM On Prem,N/A ,8333.33,PRP-00013347,Controlled,USA List Prices 
MarketZone CoSell from - Automation Anywhere - Automation 360 On-Premises - Discovery Bot Recorder,Perpetual,ITSM,ITSM On Prem,N/A ,100000,PRP-00013348,Controlled,USA List Prices 
MarketZone CoSell from - Automation Anywhere - Automation 360 On-Premises - Discovery Bot Recorder,SaaS,ITSM,ITSM On Prem,N/A ,8333.33,PRP-00013346,Controlled,USA List Prices 
MarketZone CoSell from - Automation Anywhere - Automation 360 On-Premises - Document Classifier,OPS,ITSM,ITSM On Prem,N/A ,8333.33,PRP-00012593,Controlled,USA List Prices 
MarketZone CoSell from - Automation Anywhere - Automation 360 On-Premises - Document Classifier,Perpetual,ITSM,ITSM On Prem,N/A ,100000,PRP-00012594,Controlled,USA List Prices 
MarketZone CoSell from - Automation Anywhere - Automation 360 On-Premises - Document Classifier 250K Pages,OPS,ITSM,ITSM On Prem,N/A ,8333.33,PRP-00012595,Controlled,USA List Prices 
MarketZone CoSell from - Automation Anywhere - Automation 360 On-Premises - Document Classifier 250K Pages,Perpetual,ITSM,ITSM On Prem,N/A ,100000,PRP-00012596,Controlled,USA List Prices 
MarketZone CoSell from - Automation Anywhere - Automation 360 On-Premises - IQ Bot 250K Pages,OPS,ITSM,ITSM On Prem,N/A ,8333.33,PRP-00012597,Controlled,USA List Prices 
MarketZone CoSell from - Automation Anywhere - Automation 360 On-Premises - IQ Bot 250K Pages,Perpetual,ITSM,ITSM On Prem,N/A ,100000,PRP-00012598,Controlled,USA List Prices 
MarketZone CoSell from - Automation Anywhere - Automation 360 On-Premises - Standard Pack,OPS,ITSM,ITSM On Prem,N/A ,8333.33,PRP-00015221,Controlled,USA List Prices 
MarketZone CoSell from - Automation Anywhere - Automation 360 On-Premises - Standard Pack,Perpetual,ITSM,ITSM On Prem,N/A ,100000,PRP-00015222,Controlled,USA List Prices 
MarketZone CoSell from - Automation Anywhere - Automation 360 Pure Cloud - Bot Runner Package,OPS,ITSM,ITSM On Prem,N/A ,8333.33,PRP-00015309,Controlled,USA List Prices 
MarketZone CoSell from - Automation Anywhere - Automation 360 Pure Cloud - Bot Runner Package,Perpetual,ITSM,ITSM On Prem,N/A ,100000,PRP-00015310,Controlled,USA List Prices 
MarketZone CoSell from - Automation Anywhere - Automation 360 Pure Cloud - Bot Runner Package,SaaS,ITSM,ITSM On Prem,N/A ,8333.33,PRP-00015308,Controlled,USA List Prices 
MarketZone CoSell from - Automation Anywhere - Automation 360 Pure Cloud - Control Room,OPS,ITSM,ITSM On Prem,N/A ,8333.33,PRP-00015312,Controlled,USA List Prices 
MarketZone CoSell from - Automation Anywhere - Automation 360 Pure Cloud - Control Room,Perpetual,ITSM,ITSM On Prem,N/A ,100000,PRP-00015313,Controlled,USA List Prices 
MarketZone CoSell from - Automation Anywhere - Automation 360 Pure Cloud - Control Room,SaaS,ITSM,ITSM On Prem,N/A ,8333.33,PRP-00015311,Controlled,USA List Prices 
MarketZone CoSell from - Automation Anywhere - Document Automation On-Premises - 1K Pages,OPS,ITSM,ITSM On Prem,N/A ,8333.33,PRP-00012599,Controlled,USA List Prices 
MarketZone CoSell from - Automation Anywhere - Document Automation On-Premises - 1K Pages,Perpetual,ITSM,ITSM On Prem,N/A ,100000,PRP-00012600,Controlled,USA List Prices 
MarketZone CoSell from - Automation Anywhere - Document Automation On-Premises - up to 50K Pages,OPS,ITSM,ITSM On Prem,N/A ,8333.33,PRP-00012601,Controlled,USA List Prices 
MarketZone CoSell from - Automation Anywhere - Document Automation On-Premises - up to 50K Pages,Perpetual,ITSM,ITSM On Prem,N/A ,100000,PRP-00012602,Controlled,USA List Prices 
MarketZone CoSell from - Automation Anywhere - Training Standard Subscription (5 User pack) T1,OPS,ITSM,ITSM On Prem,N/A ,8333.33,PRP-00012603,Controlled,USA List Prices 
MarketZone CoSell from - Automation Anywhere - Training Standard Subscription (5 User pack) T1,Perpetual,ITSM,ITSM On Prem,N/A ,100000,PRP-00012604,Controlled,USA List Prices 
MarketZone CoSell from - Avnet,OPS,ITOM,ITOM On Prem,N/A ,0,PRP-00001901,Generally Available,USA List Prices 
MarketZone CoSell from - Avnet,Perpetual,ITOM,ITOM On Prem,N/A ,0,PRP-00001902,Generally Available,USA List Prices 
MarketZone CoSell from - Changepoint,OPS,ITSM,ITSM On Prem,N/A ,0,PRP-00003937,Generally Available,USA List Prices 
MarketZone CoSell from - Changepoint,Perpetual,ITSM,ITSM On Prem,N/A ,0,PRP-00003938,Generally Available,USA List Prices 
MarketZone CoSell from - Edge Technologies Inc,OPS,ITOM,ITOM On Prem,N/A ,0,PRP-00006366,Generally Available,USA List Prices 
MarketZone CoSell from - Edge Technologies Inc,Perpetual,ITOM,ITOM On Prem,N/A ,0,PRP-00006367,Generally Available,USA List Prices 
MarketZone CoSell from - Entuity,OPS,CVT,BPPM,N/A ,0,PRP-00002399,Transition,USA List Prices 
MarketZone CoSell from - Entuity,Perpetual,CVT,BPPM,N/A ,0,PRP-00002400,Transition,USA List Prices 
MarketZone CoSell from - Flexera - Data Intelligence Service,OPS,ITSM,ITSM On Prem,N/A ,20833.33,PRP-00012605,Controlled,USA List Prices 
MarketZone CoSell from - Flexera - Data Intelligence Service,Perpetual,ITSM,ITSM On Prem,N/A ,250000,PRP-00012606,Controlled,USA List Prices 
MarketZone CoSell from - Flexera - Data Intelligence Service,SaaS,ITSM,ITSM On Prem,N/A ,20833.33,PRP-00013183,Controlled,USA List Prices 
MarketZone CoSell from - Flexera - ITAM Navigator (inc. SaaS) - Onboarding,OPS,ITSM,ITSM On Prem,N/A ,8333.33,PRP-00015333,Controlled,USA List Prices 
MarketZone CoSell from - Flexera - ITAM Navigator (inc. SaaS) - Onboarding,Perpetual,ITSM,ITSM On Prem,N/A ,100000,PRP-00015334,Controlled,USA List Prices 
MarketZone CoSell from - Flexera - ITAM Navigator (inc. SaaS) - Onboarding,SaaS,ITSM,ITSM On Prem,N/A ,8333.33,PRP-00015332,Controlled,USA List Prices 
MarketZone CoSell from - Flexera - One Enterprise Cloud Subscription,SaaS,ITSM,ITSM On Prem,N/A ,83333.33,PRP-00015345,Controlled,USA List Prices 
MarketZone CoSell from - Flexera - One IT Visibility with Technology Intelligence Platform and Asset Management Advanced Cloud Subscription,OPS,ITSM,ITSM On Prem,N/A ,20833.33,PRP-00015194,Controlled,USA List Prices 
MarketZone CoSell from - Flexera - One IT Visibility with Technology Intelligence Platform and Asset Management Advanced Cloud Subscription,Perpetual,ITSM,ITSM On Prem,N/A ,250000,PRP-00015195,Controlled,USA List Prices 
MarketZone CoSell from - Flexera - One IT Visibility with Technology Intelligence Platform and Asset Management Advanced Cloud Subscription,SaaS,ITSM,ITSM On Prem,N/A ,250000,PRP-00015193,Controlled,USA List Prices 
MarketZone CoSell from - Flexera - One IT Visibility with Technology Intelligence Platform Subscription,OPS,ITSM,ITSM On Prem,N/A ,8333.33,PRP-00015161,Controlled,USA List Prices 
MarketZone CoSell from - Flexera - One IT Visibility with Technology Intelligence Platform Subscription,Perpetual,ITSM,ITSM On Prem,N/A ,100000,PRP-00015162,Controlled,USA List Prices 
MarketZone CoSell from - Flexera - One IT Visibility with Technology Intelligence Platform Subscription,SaaS,ITSM,ITSM On Prem,N/A ,8333.33,PRP-00015164,Controlled,USA List Prices 
MarketZone CoSell from - Flexera - Premium Consulting Fixed Price,OPS,ITSM,ITSM On Prem,N/A ,8333.33,PRP-00013169,Controlled,USA List Prices 
MarketZone CoSell from - Flexera - Premium Consulting Fixed Price,Perpetual,ITSM,ITSM On Prem,N/A ,100000,PRP-00013170,Controlled,USA List Prices 
MarketZone CoSell from - Flexera - Premium Consulting Fixed Price,SaaS,ITSM,ITSM On Prem,N/A ,8333.33,PRP-00013178,Controlled,USA List Prices 
MarketZone CoSell from - Flexera - Snow Atlas - Advanced,OPS,ITSM,ITSM On Prem,N/A ,8333.33,PRP-00015291,Controlled,USA List Prices 
MarketZone CoSell from - Flexera - Snow Atlas - Advanced,Perpetual,ITSM,ITSM On Prem,N/A ,100000,PRP-00015292,Controlled,USA List Prices 
MarketZone CoSell from - Flexera - Snow Atlas - Advanced,SaaS,ITSM,ITSM On Prem,N/A ,8333.33,PRP-00015290,Controlled,USA List Prices 
MarketZone CoSell from - Flexera - Snow ITSM Enhancer,OPS,ITSM,ITSM On Prem,N/A ,8333.33,PRP-00013171,Controlled,USA List Prices 
MarketZone CoSell from - Flexera - Snow ITSM Enhancer,Perpetual,ITSM,ITSM On Prem,N/A ,100000,PRP-00013172,Controlled,USA List Prices 
MarketZone CoSell from - Flexera - Snow ITSM Enhancer,SaaS,ITSM,ITSM On Prem,N/A ,8333.33,PRP-00013179,Controlled,USA List Prices 
MarketZone CoSell from - Flexera - Snow License Intelligence,OPS,ITSM,ITSM On Prem,N/A ,8333.33,PRP-00015576,Controlled,USA List Prices 
MarketZone CoSell from - Flexera - Snow License Intelligence,SaaS,ITSM,ITSM On Prem,N/A ,8333.33,PRP-00015577,Controlled,USA List Prices 
MarketZone CoSell from - Flexera - Snow SaaS Management,OPS,ITSM,ITSM On Prem,N/A ,8333.33,PRP-00013173,Controlled,USA List Prices 
MarketZone CoSell from - Flexera - Snow SaaS Management,Perpetual,ITSM,ITSM On Prem,N/A ,100000,PRP-00013174,Controlled,USA List Prices 
MarketZone CoSell from - Flexera - Snow SaaS Management,SaaS,ITSM,ITSM On Prem,N/A ,8333.33,PRP-00013180,Controlled,USA List Prices 
MarketZone CoSell from - Flexera - Snow Spend Optimizer - SAM,OPS,ITSM,ITSM On Prem,N/A ,20833.33,PRP-00012607,Controlled,USA List Prices 
MarketZone CoSell from - Flexera - Snow Spend Optimizer - SAM,Perpetual,ITSM,ITSM On Prem,N/A ,250000,PRP-00012608,Controlled,USA List Prices 
MarketZone CoSell from - Flexera - Snow Spend Optimizer - SAM,SaaS,ITSM,ITSM On Prem,N/A ,20833.33,PRP-00013184,Controlled,USA List Prices 
MarketZone CoSell from - Flexera - Value Navigator - ITAM Navigator (inc. SaaS),OPS,ITSM,ITSM On Prem,N/A ,8333.33,PRP-00015336,Controlled,USA List Prices 
MarketZone CoSell from - Flexera - Value Navigator - ITAM Navigator (inc. SaaS),Perpetual,ITSM,ITSM On Prem,N/A ,100000,PRP-00015337,Controlled,USA List Prices 
MarketZone CoSell from - Flexera - Value Navigator - ITAM Navigator (inc. SaaS),SaaS,ITSM,ITSM On Prem,N/A ,8333.33,PRP-00015335,Controlled,USA List Prices 
MarketZone CoSell from - Fusion,OPS,ITOM,ITOM On Prem,N/A ,0,PRP-00004561,Generally Available,USA List Prices 
MarketZone CoSell from - Fusion,Perpetual,ITOM,ITOM On Prem,N/A ,0,PRP-00004563,Generally Available,USA List Prices 
MarketZone CoSell from - Fusion - Fusion eBonding Subscription,OPS,ITOM,ITOM On Prem,N/A ,20833.33,PRP-00015419,Controlled,USA List Prices 
MarketZone CoSell from - Fusion - Fusion eBonding Subscription,SaaS,ITOM,ITOM On Prem,N/A ,20833.33,PRP-00015418,Controlled,USA List Prices 
MarketZone CoSell from - Future Facilities,OPS,CVT,RLM,N/A ,0,PRP-00004720,Generally Available,USA List Prices 
MarketZone CoSell from - Future Facilities,Perpetual,CVT,RLM,N/A ,0,PRP-00004721,Generally Available,USA List Prices 
MarketZone CoSell from - Generic ESM,OPS,ITSM,ITSM On Prem,N/A ,0,PRP-00000466,Generally Available,USA List Prices 
MarketZone CoSell from - Generic ESM,Perpetual,ITSM,ITSM On Prem,N/A ,0,PRP-00000467,Generally Available,USA List Prices 
MarketZone CoSell from - Intrado,OPS,ITSM,ITSM On Prem,N/A ,0,PRP-00002226,Generally Available,USA List Prices 
MarketZone CoSell from - Intrado,Perpetual,ITSM,ITSM On Prem,N/A ,0,PRP-00002227,Generally Available,USA List Prices 
MarketZone CoSell from - Jitterbit,OPS,ITSM,ITSM SaaS,N/A ,0,PRP-00002395,Generally Available,USA List Prices 
MarketZone CoSell from - Jitterbit,Perpetual,ITSM,ITSM SaaS,N/A ,0,PRP-00002396,Generally Available,USA List Prices 
MarketZone CoSell from - Keyva - Software Support Renewal,OPS,ITOM,ITOM On Prem,N/A ,8333.33,PRP-00013359,Controlled,USA List Prices 
MarketZone CoSell from - Keyva - Software Support Renewal,Perpetual,ITOM,ITOM On Prem,N/A ,100000,PRP-00013360,Controlled,USA List Prices 
MarketZone CoSell from - Keyva - Software Support Renewal,SaaS,ITOM,ITOM On Prem,N/A ,8333.33,PRP-00013358,Controlled,USA List Prices 
MarketZone CoSell from - Kore.ai,OPS,ITSM,ITSM SaaS,N/A ,0,PRP-00002836,Generally Available,USA List Prices 
MarketZone CoSell from - Kore.ai,Perpetual,ITSM,ITSM SaaS,N/A ,0,PRP-00002837,Generally Available,USA List Prices 
MarketZone CoSell from - Metricstream - AiSPIRE,OPS,ITSM,ITSM SaaS,N/A ,20833.33,PRP-00013195,Controlled,USA List Prices 
MarketZone CoSell from - Metricstream - AiSPIRE,Perpetual,ITSM,ITSM SaaS,N/A ,250000,PRP-00013196,Controlled,USA List Prices 
MarketZone CoSell from - Metricstream - AiSPIRE,SaaS,ITSM,ITSM SaaS,N/A ,20833.33,PRP-00013194,Controlled,USA List Prices 
MarketZone CoSell from - Metricstream - Business Continuity Management,OPS,ITSM,ITSM SaaS,N/A ,20833.33,PRP-00013935,Controlled,USA List Prices 
MarketZone CoSell from - Metricstream - Business Continuity Management,SaaS,ITSM,ITSM SaaS,N/A ,250000,PRP-00013934,Controlled,USA List Prices 
MarketZone CoSell from - Metricstream - Internal Audit Management,OPS,ITSM,ITSM SaaS,N/A ,20833.33,PRP-00013937,Controlled,USA List Prices 
MarketZone CoSell from - Metricstream - Internal Audit Management,SaaS,ITSM,ITSM SaaS,N/A ,250000,PRP-00013936,Controlled,USA List Prices 
MarketZone CoSell from - Metricstream - IT & Cyber Compliance,OPS,ITSM,ITSM SaaS,N/A ,20833.33,PRP-00013198,Controlled,USA List Prices 
MarketZone CoSell from - Metricstream - IT & Cyber Compliance,Perpetual,ITSM,ITSM SaaS,N/A ,250000,PRP-00013199,Controlled,USA List Prices 
MarketZone CoSell from - Metricstream - IT & Cyber Compliance,SaaS,ITSM,ITSM SaaS,N/A ,20833.33,PRP-00013206,Controlled,USA List Prices 
MarketZone CoSell from - Metricstream - IT & Cyber Compliance Management,OPS,ITSM,ITSM SaaS,N/A ,20833.33,PRP-00013939,Controlled,USA List Prices 
MarketZone CoSell from - Metricstream - IT & Cyber Compliance Management,SaaS,ITSM,ITSM SaaS,N/A ,250000,PRP-00013938,Controlled,USA List Prices 
MarketZone CoSell from - Metricstream - IT & Cyber Risk Management,OPS,ITSM,ITSM SaaS,N/A ,20833.33,PRP-00013201,Controlled,USA List Prices 
MarketZone CoSell from - Metricstream - IT & Cyber Risk Management,Perpetual,ITSM,ITSM SaaS,N/A ,250000,PRP-00013202,Controlled,USA List Prices 
MarketZone CoSell from - Metricstream - IT & Cyber Risk Management,SaaS,ITSM,ITSM SaaS,N/A ,20833.33,PRP-00013200,Controlled,USA List Prices 
MarketZone CoSell from - Metricstream - Operational Risk Management,OPS,ITSM,ITSM SaaS,N/A ,20833.33,PRP-00013941,Controlled,USA List Prices 
MarketZone CoSell from - Metricstream - Operational Risk Management,SaaS,ITSM,ITSM SaaS,N/A ,250000,PRP-00013940,Controlled,USA List Prices 
MarketZone CoSell from - Metricstream - Policy & Document Management,OPS,ITSM,ITSM SaaS,N/A ,20833.33,PRP-00013943,Controlled,USA List Prices 
MarketZone CoSell from - Metricstream - Policy & Document Management,SaaS,ITSM,ITSM SaaS,N/A ,250000,PRP-00013942,Controlled,USA List Prices 
MarketZone CoSell from - Metricstream - Third Party Risk Management,OPS,ITSM,ITSM SaaS,N/A ,20833.33,PRP-00013945,Controlled,USA List Prices 
MarketZone CoSell from - Metricstream - Third Party Risk Management,SaaS,ITSM,ITSM SaaS,N/A ,250000,PRP-00013944,Controlled,USA List Prices 
MarketZone CoSell from - Micro Focus,OPS,ITOM,ITOM On Prem,N/A ,0,PRP-00000464,Generally Available,USA List Prices 
MarketZone CoSell from - Micro Focus,Perpetual,ITOM,ITOM On Prem,N/A ,0,PRP-00000465,Generally Available,USA List Prices 
MarketZone CoSell from - nlyte Software,OPS,ITOM,ITOM On Prem,N/A ,0,PRP-00005699,Generally Available,USA List Prices 
MarketZone CoSell from - nlyte Software,Perpetual,ITOM,ITOM On Prem,N/A ,0,PRP-00005700,Generally Available,USA List Prices 
MarketZone CoSell from - Numerify,OPS,ITOM,ITOM On Prem,N/A ,0,PRP-00004807,Generally Available,USA List Prices 
MarketZone CoSell from - Numerify,Perpetual,ITOM,ITOM On Prem,N/A ,0,PRP-00004808,Generally Available,USA List Prices 
MarketZone Cosell from - ProactivePack,OPS,ITOM,ITOM On Prem,N/A ,0,PRP-00001478,Generally Available,USA List Prices 
MarketZone Cosell from - ProactivePack,Perpetual,ITOM,ITOM On Prem,N/A ,0,PRP-00001479,Generally Available,USA List Prices 
MarketZone CoSell from - ProactivePack for Events - Device,OPS,ITOM,ITOM On Prem,N/A ,8333.33,PRP-00012609,Controlled,USA List Prices 
MarketZone CoSell from - ProactivePack for Events - Device,Perpetual,ITOM,ITOM On Prem,N/A ,100000,PRP-00012610,Controlled,USA List Prices 
MarketZone CoSell from - ProactivePack for Events - Server,OPS,ITOM,ITOM On Prem,N/A ,8333.33,PRP-00012611,Controlled,USA List Prices 
MarketZone CoSell from - ProactivePack for Events - Server,Perpetual,ITOM,ITOM On Prem,N/A ,100000,PRP-00012612,Controlled,USA List Prices 
MarketZone CoSell from - Sentry,OPS,ITOM,ITOM On Prem,N/A ,0,PRP-00001889,Generally Available,USA List Prices 
MarketZone CoSell from - Sentry,Perpetual,ITOM,ITOM On Prem,N/A ,0,PRP-00001890,Generally Available,USA List Prices 
MarketZone CoSell from - Sentry - Sentry Services,OPS,ITOM,ITOM On Prem,N/A ,41666.67,PRP-00015378,Controlled,USA List Prices 
MarketZone CoSell from - Sentry - Sentry Services,SaaS,ITOM,ITOM On Prem,N/A ,41666.67,PRP-00015377,Controlled,USA List Prices 
MarketZone CoSell from - Spectrum Mobile Reach,OPS,ITOM,ITOM On Prem,N/A ,0,PRP-00005677,Generally Available,USA List Prices 
MarketZone CoSell from - Spectrum Mobile Reach,Perpetual,ITOM,ITOM On Prem,N/A ,0,PRP-00005678,Generally Available,USA List Prices 
MarketZone CoSell from - Spectrum Mobile Reach - Configuration and Implementation Services,OPS,ITOM,ITOM On Prem,Each ,41666.67,PRP-00013376,Controlled,USA List Prices 
MarketZone CoSell from - Spectrum Mobile Reach - Configuration and Implementation Services,SaaS,ITOM,ITOM On Prem,Each ,41666.67,PRP-00013375,Controlled,USA List Prices 
MarketZone CoSell from - Spectrum Mobile Reach - Gateway Package - Prod GW; Non-Prod GW; AppStudio; All Template Apps,OPS,ITOM,ITOM On Prem,N/A ,20833.33,PRP-00012613,Controlled,USA List Prices 
MarketZone CoSell from - Spectrum Mobile Reach - Gateway Package - Prod GW; Non-Prod GW; AppStudio; All Template Apps,Perpetual,ITOM,ITOM On Prem,N/A ,250000,PRP-00012614,Controlled,USA List Prices 
MarketZone CoSell from - Spectrum Mobile Reach - Mobile Reach Annual Hosting,SaaS,ITOM,ITOM On Prem,Each ,8333.33,PRP-00013887,Controlled,USA List Prices 
MarketZone CoSell from - Spectrum Mobile Reach - Mobile Reach Field Service Management Dispatcher,OPS,ITOM,ITOM On Prem,per named user ,8333.33,PRP-00013378,Controlled,USA List Prices 
MarketZone CoSell from - Spectrum Mobile Reach - Mobile Reach Field Service Management Dispatcher,SaaS,ITOM,ITOM On Prem,per named user ,8333.33,PRP-00013377,Controlled,USA List Prices 
MarketZone CoSell from - Spectrum Mobile Reach - Mobile Reach Field Service Management Field Agent,OPS,ITOM,ITOM On Prem,per named user ,8333.33,PRP-00013380,Controlled,USA List Prices 
MarketZone CoSell from - Spectrum Mobile Reach - Mobile Reach Field Service Management Field Agent,SaaS,ITOM,ITOM On Prem,per named user ,8333.33,PRP-00013379,Controlled,USA List Prices 
MarketZone CoSell from - Spectrum Mobile Reach - Mobile Reach for BMC Helix Client - Concurrent licenses,OPS,ITOM,ITOM On Prem,per concurrent user ,8333.33,PRP-00013382,Controlled,USA List Prices 
MarketZone CoSell from - Spectrum Mobile Reach - Mobile Reach for BMC Helix Client - Concurrent licenses,SaaS,ITOM,ITOM On Prem,per concurrent user ,8333.33,PRP-00013381,Controlled,USA List Prices 
MarketZone CoSell from - Spectrum Mobile Reach - Mobile Reach for BMC Helix Named Client,OPS,ITOM,ITOM On Prem,per named user ,8333.33,PRP-00013384,Controlled,USA List Prices 
MarketZone CoSell from - Spectrum Mobile Reach - Mobile Reach for BMC Helix Named Client,SaaS,ITOM,ITOM On Prem,per named user ,8333.33,PRP-00013383,Controlled,USA List Prices 
MarketZone CoSell from - Spectrum Mobile Reach - Mobile Reach for BMC Helix Named Client Dispatcher,OPS,ITOM,ITOM On Prem,per named user ,8333.33,PRP-00013386,Controlled,USA List Prices 
MarketZone CoSell from - Spectrum Mobile Reach - Mobile Reach for BMC Helix Named Client Dispatcher,SaaS,ITOM,ITOM On Prem,per named user ,8333.33,PRP-00013385,Controlled,USA List Prices 
MarketZone CoSell from - Spectrum Mobile Reach - Mobile Reach for BMC Helix Named Client for Field Agent,OPS,ITOM,ITOM On Prem,per named user ,8333.33,PRP-00013388,Controlled,USA List Prices 
MarketZone CoSell from - Spectrum Mobile Reach - Mobile Reach for BMC Helix Named Client for Field Agent,SaaS,ITOM,ITOM On Prem,per named user ,8333.33,PRP-00013387,Controlled,USA List Prices 
MarketZone CoSell from - Spectrum Mobile Reach - Splitware High Volume Upgrade,OPS,ITOM,ITOM On Prem,N/A ,8333.33,PRP-00013261,Controlled,USA List Prices 
MarketZone CoSell from - Spectrum Mobile Reach - Splitware High Volume Upgrade,Perpetual,ITOM,ITOM On Prem,N/A ,100000,PRP-00013262,Controlled,USA List Prices 
MarketZone CoSell from - Spectrum Mobile Reach - Splitware High Volume Upgrade,SaaS,ITOM,ITOM On Prem,N/A ,8333.33,PRP-00013260,Controlled,USA List Prices 
MarketZone CoSell from - Spectrum Mobile Reach - Standard Maintenance for Splitware Concurrent Client Licenses - under 100 user count,OPS,ITOM,ITOM On Prem,N/A ,8333.33,PRP-00013264,Controlled,USA List Prices 
MarketZone CoSell from - Spectrum Mobile Reach - Standard Maintenance for Splitware Concurrent Client Licenses - under 100 user count,Perpetual,ITOM,ITOM On Prem,N/A ,100000,PRP-00013265,Controlled,USA List Prices 
MarketZone CoSell from - Spectrum Mobile Reach - Standard Maintenance for Splitware Concurrent Client Licenses - under 100 user count,SaaS,ITOM,ITOM On Prem,N/A ,8333.33,PRP-00013263,Controlled,USA List Prices 
MarketZone CoSell from - Spectrum Mobile Reach - Standard Maintenance Package for Splitware Gateway,OPS,ITOM,ITOM On Prem,N/A ,8333.33,PRP-00013267,Controlled,USA List Prices 
MarketZone CoSell from - Spectrum Mobile Reach - Standard Maintenance Package for Splitware Gateway,Perpetual,ITOM,ITOM On Prem,N/A ,100000,PRP-00013268,Controlled,USA List Prices 
MarketZone CoSell from - Spectrum Mobile Reach - Standard Maintenance Package for Splitware Gateway,SaaS,ITOM,ITOM On Prem,N/A ,8333.33,PRP-00013266,Controlled,USA List Prices 
MarketZone CoSell from - Spectrum Mobile Reach - Subscription 100+ Named Client License,OPS,ITOM,ITOM On Prem,N/A ,8333.33,PRP-00012615,Controlled,USA List Prices 
MarketZone CoSell from - Spectrum Mobile Reach - Subscription 100+ Named Client License,Perpetual,ITOM,ITOM On Prem,N/A ,100000,PRP-00012616,Controlled,USA List Prices 
MarketZone CoSell from - Sunbird,OPS,ITSM,ITSM On Prem,N/A ,0,PRP-00001050,Generally Available,USA List Prices 
MarketZone CoSell from - Sunbird,Perpetual,ITSM,ITSM On Prem,N/A ,0,PRP-00001051,Generally Available,USA List Prices 
MarketZone CoSell from - SunBird - dcTrack Software and License to Use for up to 250 cabinets,OPS,ITSM,ITSM On Prem,N/A ,20833.33,PRP-00013326,Controlled,USA List Prices 
MarketZone CoSell from - SunBird - dcTrack Software and License to Use for up to 250 cabinets,Perpetual,ITSM,ITSM On Prem,N/A ,250000,PRP-00013327,Controlled,USA List Prices 
MarketZone CoSell from - SunBird - dcTrack Software and License to Use for up to 250 cabinets,SaaS,ITSM,ITSM On Prem,N/A ,20833.33,PRP-00013325,Controlled,USA List Prices 
MarketZone CoSell from - SunBird - dcTrack SW Maintenance for up to 250 cabinets,OPS,ITSM,ITSM On Prem,N/A ,8333.33,PRP-00013329,Controlled,USA List Prices 
MarketZone CoSell from - SunBird - dcTrack SW Maintenance for up to 250 cabinets,Perpetual,ITSM,ITSM On Prem,N/A ,100000,PRP-00013330,Controlled,USA List Prices 
MarketZone CoSell from - SunBird - dcTrack SW Maintenance for up to 250 cabinets,SaaS,ITSM,ITSM On Prem,N/A ,8333.33,PRP-00013328,Controlled,USA List Prices 
MarketZone CoSell from - SunBird - Existing Documentation - Data Migration of Assets - Floor Plan; Cabinets and Assets per cabinet pricing,OPS,ITSM,ITSM On Prem,N/A ,8333.33,PRP-00013332,Controlled,USA List Prices 
MarketZone CoSell from - SunBird - Existing Documentation - Data Migration of Assets - Floor Plan; Cabinets and Assets per cabinet pricing,Perpetual,ITSM,ITSM On Prem,N/A ,100000,PRP-00013333,Controlled,USA List Prices 
MarketZone CoSell from - SunBird - Existing Documentation - Data Migration of Assets - Floor Plan; Cabinets and Assets per cabinet pricing,SaaS,ITSM,ITSM On Prem,N/A ,8333.33,PRP-00013331,Controlled,USA List Prices 
MarketZone CoSell from - SunBird - Remote Training on Sunbird DCIM,OPS,ITSM,ITSM On Prem,N/A ,8333.33,PRP-00013335,Controlled,USA List Prices 
MarketZone CoSell from - SunBird - Remote Training on Sunbird DCIM,Perpetual,ITSM,ITSM On Prem,N/A ,100000,PRP-00013336,Controlled,USA List Prices 
MarketZone CoSell from - SunBird - Remote Training on Sunbird DCIM,SaaS,ITSM,ITSM On Prem,N/A ,8333.33,PRP-00013334,Controlled,USA List Prices 
MarketZone CoSell from - Whatfix,OPS,ITSM,ITSM SaaS,N/A ,0,PRP-00004897,Generally Available,USA List Prices 
MarketZone CoSell from - Whatfix,Perpetual,ITSM,ITSM SaaS,N/A ,0,PRP-00004898,Generally Available,USA List Prices 
MarketZone CoSell from - xMatters,OPS,ITOM,ITOM On Prem,N/A ,0,PRP-00004809,Generally Available,USA List Prices 
MarketZone CoSell from - xMatters,Perpetual,ITOM,ITOM On Prem,N/A ,0,PRP-00004810,Generally Available,USA List Prices 
Moviri Bundle for BMC Helix Continuous Optimization - Resource Unit - MarketZone,SaaS,ITOM,ITOM SaaS,per resource unit - SaaS ,7.06,PRP-00010455,Generally Available,USA List Prices 
Moviri Bundle for BMC Helix Continuous Optimization OnPrem - Resource Unit - MarketZone,OPS,ITOM,ITOM On Prem,per resource unit ,7.05,PRP-00010456,Generally Available,USA List Prices 
Moviri Integrator for BMC Solutions - MarketZone,OPS,ITOM,ITOM On Prem,per third-party software ,3744.68,PRP-00001779,Transition,USA List Prices 
Moviri Integrator for BMC Solutions - MarketZone,Perpetual,ITOM,ITOM On Prem,per third-party software ,112341,PRP-00001780,Transition,USA List Prices 
MyIT Digital Workplace,OPS,ITSM,ITSM On Prem,per named user ,1.99,PRP-00002238,Withdrawn,USA List Prices 
MyIT Digital Workplace,Perpetual,ITSM,ITSM On Prem,per named user ,59,PRP-00002239,Withdrawn,USA List Prices 
Netreo - AIOps Autopilot On-Prem Add-on,OPS,ITOM,ITOM On Prem,per enterprise ,3307.5,PRP-00010866,Generally Available,USA List Prices 
Netreo - AIOps Autopilot On-Prem Add-on,Perpetual,ITOM,ITOM On Prem,per enterprise ,99225,PRP-00010867,Controlled,USA List Prices 
Netreo - AIOps Autopilot SaaS Add-on,SaaS,ITOM,ITOM SaaS,per enterprise - SaaS ,3307.5,PRP-00010881,Generally Available,USA List Prices 
Netreo - High Availability On-Prem Add-on,OPS,ITOM,ITOM On Prem,per enterprise ,5512.5,PRP-00010864,Generally Available,USA List Prices 
Netreo - High Availability On-Prem Add-on,Perpetual,ITOM,ITOM On Prem,per enterprise ,165375,PRP-00010865,Controlled,USA List Prices 
Netreo - IT Service Management On-Prem Add-on,OPS,ITOM,ITOM On Prem,per enterprise ,3307.5,PRP-00010868,Generally Available,USA List Prices 
Netreo - IT Service Management On-Prem Add-on,Perpetual,ITOM,ITOM On Prem,per enterprise ,99225,PRP-00010869,Controlled,USA List Prices 
Netreo - IT Service Management SaaS Add-on,SaaS,ITOM,ITOM SaaS,per enterprise - SaaS ,3307.5,PRP-00010882,Generally Available,USA List Prices 
Netreo - ITIM Prod Additional Instance for On-Prem Deployment,OPS,ITOM,ITOM On Prem,Each ,1102.5,PRP-00010870,Generally Available,USA List Prices 
Netreo - ITIM Prod Additional Instance for On-Prem Deployment,Perpetual,ITOM,ITOM On Prem,Each ,33075,PRP-00010871,Controlled,USA List Prices 
Netreo - ITIM Prod Additional Instance for SaaS Deployment,SaaS,ITOM,ITOM SaaS,Each ,1102.5,PRP-00010883,Generally Available,USA List Prices 
Netreo - Service Engines On-Prem Add-on (pack of 5),OPS,ITOM,ITOM On Prem,Each ,1102.5,PRP-00010862,Generally Available,USA List Prices 
Netreo - Service Engines On-Prem Add-on (pack of 5),Perpetual,ITOM,ITOM On Prem,Each ,33075,PRP-00010863,Controlled,USA List Prices 
Netreo - Service Engines SaaS Add-on (pack of 5),SaaS,ITOM,ITOM SaaS,Each ,1102.5,PRP-00010879,Generally Available,USA List Prices 
Netreo DEM - User Monitoring On-Prem Add-On,OPS,ITOM,ITOM On Prem,per user workstation ,1.59,PRP-00010874,Generally Available,USA List Prices 
Netreo DEM - User Monitoring On-Prem Add-On,Perpetual,ITOM,ITOM On Prem,per user workstation ,48,PRP-00010875,Controlled,USA List Prices 
Netreo DEM - User Monitoring SaaS Add-On,SaaS,ITOM,ITOM SaaS,per user workstation - SaaS ,1.59,PRP-00010885,Generally Available,USA List Prices 
Netreo DEM Microsoft 365 Insight Central Monitoring On-Prem,OPS,ITOM,ITOM On Prem,per enterprise ,1323,PRP-00010872,Generally Available,USA List Prices 
Netreo DEM Microsoft 365 Insight Central Monitoring On-Prem,Perpetual,ITOM,ITOM On Prem,per enterprise ,39690,PRP-00010873,Controlled,USA List Prices 
Netreo DEM Microsoft 365 Insight Central Monitoring SaaS,SaaS,ITOM,ITOM SaaS,per enterprise - SaaS ,1323,PRP-00010884,Generally Available,USA List Prices 
Netreo MSP On-Prem Edition,OPS,ITOM,ITOM On Prem,per managed device ,39.69,PRP-00010860,Generally Available,USA List Prices 
Netreo MSP On-Prem Edition,Perpetual,ITOM,ITOM On Prem,per managed device ,1191,PRP-00010861,Controlled,USA List Prices 
Netreo Professional On-Prem Edition,OPS,ITOM,ITOM On Prem,per managed device ,15.88,PRP-00010856,Generally Available,USA List Prices 
Netreo Professional On-Prem Edition,Perpetual,ITOM,ITOM On Prem,per managed device ,476,PRP-00010857,Controlled,USA List Prices 
Netreo Professional SaaS Edition,SaaS,ITOM,ITOM SaaS,per managed device - SaaS ,19.85,PRP-00010876,Generally Available,USA List Prices 
Netreo Ultimate On-Prem Edition,OPS,ITOM,ITOM On Prem,per managed device ,33.08,PRP-00010858,Generally Available,USA List Prices 
Netreo Ultimate On-Prem Edition,Perpetual,ITOM,ITOM On Prem,per managed device ,992,PRP-00010859,Controlled,USA List Prices 
Netreo Ultimate SaaS Edition,SaaS,ITOM,ITOM SaaS,per managed device - SaaS ,39.69,PRP-00010877,Generally Available,USA List Prices 
Nlyte Enterprise Edition for BMC Software - MarketZone,OPS,ITOM,ITOM On Prem,per asset ,120.99,PRP-00005374,Withdrawn,USA List Prices 
Nlyte Enterprise Edition for BMC Software - MarketZone,Perpetual,ITOM,ITOM On Prem,per asset ,3629,PRP-00005375,Withdrawn,USA List Prices 
Reinstatement Fee,Perpetual,ITSM,ITSM On Prem,Each ,100000,PRP-00005676,Generally Available,USA List Prices 
Remedy ARS-Fujitsu Resells (SystemWalker) OEM outbound-Rebrand,Perpetual,ITSM,ITSM On Prem,N/A ,0,PRP-00010414,Generally Available,USA List Prices 
Remedy IT Service Management Suite - Backup License,OPS,ITSM,ITSM On Prem,per installed server ,0,PRP-00004067,Withdrawn,USA List Prices 
Remedy IT Service Management Suite - Backup License,Perpetual,ITSM,ITSM On Prem,per installed server ,0,PRP-00004068,Withdrawn,USA List Prices 
Remedy IT Service Management Suite - Development License,OPS,ITSM,ITSM On Prem,per installed server ,0,PRP-00005025,Withdrawn,USA List Prices 
Remedy IT Service Management Suite - Development License,Perpetual,ITSM,ITSM On Prem,per installed server ,0,PRP-00005026,Withdrawn,USA List Prices 
Remedy Knowledge Management Specialist - Floating User Add-On License,OPS,ITSM,ITSM On Prem,per concurrent user ,62.45,PRP-00005027,Withdrawn,USA List Prices 
Remedy Knowledge Management Specialist - Floating User Add-On License,Perpetual,ITSM,ITSM On Prem,per concurrent user ,1873,PRP-00005028,Withdrawn,USA List Prices 
Remedy Knowledge Management Specialist - User Add-On License,OPS,ITSM,ITSM On Prem,per named user ,24.98,PRP-00002377,Withdrawn,USA List Prices 
Remedy Knowledge Management Specialist - User Add-On License,Perpetual,ITSM,ITSM On Prem,per named user ,749,PRP-00002378,Withdrawn,USA List Prices 
Remedy OnDemand for Public Sector - Reporting Database Storage 100 GB - ESO,SaaS,ITSM,ITSM SaaS,Each ,526.85,PRP-00002107,Transition,USA List Prices 
Remedy Self Service - Floating User Add-On License 25-Pk Lsn,OPS,ITSM,ITSM On Prem,per concurrent user ,1248.97,PRP-00004728,Withdrawn,USA List Prices 
Remedy Self Service - Floating User Add-On License 25-Pk Lsn,Perpetual,ITSM,ITSM On Prem,per concurrent user ,37469,PRP-00004729,Withdrawn,USA List Prices 
Remedy Self Service - User Add-On License 50-Pk Lsn,OPS,ITSM,ITSM On Prem,per named user ,33.97,PRP-00004593,Withdrawn,USA List Prices 
Remedy Self Service - User Add-On License 50-Pk Lsn,Perpetual,ITSM,ITSM On Prem,per named user ,1019,PRP-00004595,Withdrawn,USA List Prices 
Remedyforce Client Management - Premium,SaaS,ITOM,ITOM SaaS,per node - SaaS ,0,PRP-00000375,Withdrawn,USA List Prices 
Remedyforce Client Management - Premium Plus,SaaS,ITOM,ITOM SaaS,per node - SaaS ,0,PRP-00003802,Withdrawn,USA List Prices 
Remedyforce Client Management Premium Nodes,SaaS,ITOM,ITOM SaaS,per node - SaaS ,2.28,PRP-00000830,Withdrawn,USA List Prices 
Remedyforce Client Management Premium Plus Nodes,SaaS,ITOM,ITOM SaaS,per node - SaaS ,3.78,PRP-00003708,Withdrawn,USA List Prices 
Sentry Backup Analyzer for TrueSight Operations Management - MarketZone,OPS,ITOM,ITOM On Prem,per managed asset - server endpoint ,129.09,PRP-00003133,Transition,USA List Prices 
Sentry Backup Analyzer for TrueSight Operations Management - MarketZone,Perpetual,ITOM,ITOM On Prem,per managed asset - server endpoint ,3872,PRP-00003134,Transition,USA List Prices 
Sentry Backup Monitor for BMC Helix Operations Management - MarketZone,SaaS,ITOM,ITOM SaaS,per asset - average server endpoint - SaaS ,120.77,PRP-00002365,Transition,USA List Prices 
Sentry Backup Monitor for BMC Helix Operations Management (DoD Impact Level 4) - MarketZone,SaaS,ITOM,ITOM SaaS,per asset - average server endpoint - SaaS ,208.74,PRP-00011076,Transition,USA List Prices 
Sentry Backup Monitor for BMC Helix Operations Management (DoD Impact Level 5) - MarketZone,SaaS,ITOM,ITOM SaaS,per asset - average server endpoint - SaaS ,250.47,PRP-00010823,Transition,USA List Prices 
Sentry Backup Monitor for BMC Helix Operations Management (FedRAMP) - MarketZone,SaaS,ITOM,ITOM SaaS,per asset - average server endpoint - SaaS ,173.91,PRP-00002366,Transition,USA List Prices 
Sentry Backup Monitor for BMC Helix Operations Management on BMC Cloud - MarketZone,SaaS,ITOM,ITOM SaaS,per asset - average server endpoint - SaaS ,120.77,PRP-00002364,Transition,USA List Prices 
Sentry Backup Monitor for BMC Helix Operations Management OnPrem - MarketZone,OPS,ITOM,ITOM On Prem,per managed asset - average Server Endpoint ,102.66,PRP-00007189,Generally Available,USA List Prices 
Sentry Backup Monitor for BMC Helix Operations Management OnPrem - MarketZone,Perpetual,ITOM,ITOM On Prem,per managed asset - average Server Endpoint ,3080,PRP-00007190,Generally Available,USA List Prices 
Sentry Bundle for BMC Helix Continuous Optimization - Resource Unit - MarketZone,SaaS,ITOM,ITOM SaaS,per resource unit - SaaS ,95.08,PRP-00010457,Generally Available,USA List Prices 
Sentry Bundle for BMC Helix Continuous Optimization OnPrem - Resource Unit - MarketZone,OPS,ITOM,ITOM On Prem,per resource unit ,76.9,PRP-00010458,Generally Available,USA List Prices 
Sentry Bundle for BMC Helix Operations Management - Resource Unit - MarketZone,SaaS,ITOM,ITOM SaaS,per resource unit - SaaS ,80.18,PRP-00010459,Generally Available,USA List Prices 
Sentry Bundle for BMC Helix Operations Management OnPrem - Resource Unit - MarketZone,OPS,ITOM,ITOM On Prem,per resource unit ,64.85,PRP-00010460,Generally Available,USA List Prices 
Sentry for TrueSight Operations Management - Base License - MarketZone,OPS,ITOM,ITOM On Prem,per enterprise ,60.47,PRP-00002883,Transition,USA List Prices 
Sentry for TrueSight Operations Management - Base License - MarketZone,Perpetual,ITOM,ITOM On Prem,per enterprise ,1815,PRP-00002884,Transition,USA List Prices 
Sentry Hardware Analyzer for TrueSight Operations Management - MarketZone,OPS,ITOM,ITOM On Prem,per managed asset - server endpoint ,75.01,PRP-00001497,Transition,USA List Prices 
Sentry Hardware Analyzer for TrueSight Operations Management - MarketZone,Perpetual,ITOM,ITOM On Prem,per managed asset - server endpoint ,2250,PRP-00001498,Transition,USA List Prices 
Sentry Hardware Analyzer for TrueSight Operations Management (CPU) - MarketZone,OPS,ITOM,ITOM On Prem,per CPU - Full Capacity ,22.68,PRP-00001495,Transition,USA List Prices 
Sentry Hardware Analyzer for TrueSight Operations Management (CPU) - MarketZone,Perpetual,ITOM,ITOM On Prem,per CPU - Full Capacity ,681,PRP-00001496,Transition,USA List Prices 
Sentry Hardware Monitor for BMC Helix Operations Management - MarketZone,SaaS,ITOM,ITOM SaaS,per asset - average server endpoint - SaaS ,86.64,PRP-00001789,Transition,USA List Prices 
Sentry Hardware Monitor for BMC Helix Operations Management (DoD Impact Level 4) - MarketZone,SaaS,ITOM,ITOM SaaS,per asset - average server endpoint - SaaS ,149.66,PRP-00011077,Transition,USA List Prices 
Sentry Hardware Monitor for BMC Helix Operations Management (DoD Impact Level 5) - MarketZone,SaaS,ITOM,ITOM SaaS,per asset - average server endpoint - SaaS ,179.62,PRP-00010824,Transition,USA List Prices 
Sentry Hardware Monitor for BMC Helix Operations Management (FedRAMP) - MarketZone,SaaS,ITOM,ITOM SaaS,per asset - average server endpoint - SaaS ,124.76,PRP-00001790,Transition,USA List Prices 
Sentry Hardware Monitor for BMC Helix Operations Management on BMC Cloud - MarketZone,SaaS,ITOM,ITOM SaaS,per asset - average server endpoint - SaaS ,86.64,PRP-00001788,Transition,USA List Prices 
Sentry Hardware Monitor for BMC Helix Operations Management OnPrem - MarketZone,OPS,ITOM,ITOM On Prem,per managed asset - average Server Endpoint ,73.65,PRP-00007208,Generally Available,USA List Prices 
Sentry Hardware Monitor for BMC Helix Operations Management OnPrem - MarketZone,Perpetual,ITOM,ITOM On Prem,per managed asset - average Server Endpoint ,2209,PRP-00007209,Generally Available,USA List Prices 
Sentry High Availability Analyzer for TrueSight Operations Management - MarketZone,OPS,ITOM,ITOM On Prem,per managed asset - server endpoint ,39.32,PRP-00006796,Transition,USA List Prices 
Sentry High Availability Analyzer for TrueSight Operations Management - MarketZone,Perpetual,ITOM,ITOM On Prem,per managed asset - server endpoint ,1180,PRP-00006797,Transition,USA List Prices 
Sentry High Availability and Backup Analyzer for TrueSight Operations Management - MarketZone,OPS,ITOM,ITOM On Prem,per managed asset - server endpoint ,31.74,PRP-00004077,Transition,USA List Prices 
Sentry High Availability and Backup Analyzer for TrueSight Operations Management - MarketZone,Perpetual,ITOM,ITOM On Prem,per managed asset - server endpoint ,953,PRP-00004078,Transition,USA List Prices 
Sentry High Availability Monitor for BMC Helix Operations Management - MarketZone,SaaS,ITOM,ITOM SaaS,per asset - average server endpoint - SaaS ,36.76,PRP-00000491,Transition,USA List Prices 
Sentry High Availability Monitor for BMC Helix Operations Management (DoD Impact Level 4) - MarketZone,SaaS,ITOM,ITOM SaaS,per asset - average server endpoint - SaaS ,63.54,PRP-00011078,Transition,USA List Prices 
Sentry High Availability Monitor for BMC Helix Operations Management (DoD Impact Level 5) - MarketZone,SaaS,ITOM,ITOM SaaS,per asset - average server endpoint - SaaS ,76.26,PRP-00010825,Transition,USA List Prices 
Sentry High Availability Monitor for BMC Helix Operations Management (FedRAMP) - MarketZone,SaaS,ITOM,ITOM SaaS,per asset - average server endpoint - SaaS ,52.93,PRP-00000490,Transition,USA List Prices 
Sentry High Availability Monitor for BMC Helix Operations Management on BMC Cloud - MarketZone,SaaS,ITOM,ITOM SaaS,per asset - average server endpoint - SaaS ,36.76,PRP-00000492,Transition,USA List Prices 
Sentry High Availability Monitor for BMC Helix Operations Management OnPrem - MarketZone,OPS,ITOM,ITOM On Prem,per managed asset - average Server Endpoint ,31.24,PRP-00007173,Generally Available,USA List Prices 
Sentry High Availability Monitor for BMC Helix Operations Management OnPrem - MarketZone,Perpetual,ITOM,ITOM On Prem,per managed asset - average Server Endpoint ,937,PRP-00007174,Generally Available,USA List Prices 
Sentry Integrator for BMC Solutions - MarketZone,OPS,ITOM,ITOM On Prem,per third-party software ,3744.68,PRP-00002224,Transition,USA List Prices 
Sentry Integrator for BMC Solutions - MarketZone,Perpetual,ITOM,ITOM On Prem,per third-party software ,112341,PRP-00002225,Transition,USA List Prices 
Sentry Microsoft Applications Analyzer for TrueSight Operations Management - MarketZone,OPS,ITOM,ITOM On Prem,per managed asset - server endpoint ,46.57,PRP-00001008,Withdrawn,USA List Prices 
Sentry Microsoft Applications Analyzer for TrueSight Operations Management - MarketZone,Perpetual,ITOM,ITOM On Prem,per managed asset - server endpoint ,1397,PRP-00001009,Withdrawn,USA List Prices 
Sentry Monitoring Studio for BMC Helix Operations Management for Devices - MarketZone,SaaS,ITOM,ITOM SaaS,per asset - average device endpoint - SaaS ,7.4,PRP-00006979,Transition,USA List Prices 
Sentry Monitoring Studio for BMC Helix Operations Management for Devices (DoD Impact Level 4) - MarketZone,SaaS,ITOM,ITOM SaaS,per asset - average device endpoint - SaaS ,12.77,PRP-00011079,Transition,USA List Prices 
Sentry Monitoring Studio for BMC Helix Operations Management for Devices (DoD Impact Level 5) - MarketZone,SaaS,ITOM,ITOM SaaS,per asset - average device endpoint - SaaS ,15.34,PRP-00010826,Transition,USA List Prices 
Sentry Monitoring Studio for BMC Helix Operations Management for Devices (FedRAMP) - MarketZone,SaaS,ITOM,ITOM SaaS,per asset - average device endpoint - SaaS ,10.63,PRP-00006983,Transition,USA List Prices 
Sentry Monitoring Studio for BMC Helix Operations Management for Serverless Assets (250-Pack) - MarketZone,SaaS,ITOM,ITOM SaaS,per asset - average Serverless Asset - SaaS ,385.52,PRP-00006981,Transition,USA List Prices 
Sentry Monitoring Studio for BMC Helix Operations Management for Serverless Assets (250-Pack) (DoD Impact Level 4) - MarketZone,SaaS,ITOM,ITOM SaaS,per asset - average Serverless Asset - SaaS ,321.29,PRP-00011080,Transition,USA List Prices 
Sentry Monitoring Studio for BMC Helix Operations Management for Serverless Assets (250-Pack) (DoD Impact Level 5) - MarketZone,SaaS,ITOM,ITOM SaaS,per asset - average Serverless Asset - SaaS ,799.4,PRP-00010827,Transition,USA List Prices 
Sentry Monitoring Studio for BMC Helix Operations Management for Serverless Assets (250-Pack) (FedRAMP) - MarketZone,SaaS,ITOM,ITOM SaaS,per asset - average Serverless Asset - SaaS ,555.13,PRP-00006977,Transition,USA List Prices 
Sentry Monitoring Studio for BMC Helix Operations Management for Servers - MarketZone,SaaS,ITOM,ITOM SaaS,per asset - average server endpoint - SaaS ,35.98,PRP-00006973,Transition,USA List Prices 
Sentry Monitoring Studio for BMC Helix Operations Management for Servers (DoD Impact Level 4) - MarketZone,SaaS,ITOM,ITOM SaaS,per asset - average server endpoint - SaaS ,62.25,PRP-00011081,Transition,USA List Prices 
Sentry Monitoring Studio for BMC Helix Operations Management for Servers (DoD Impact Level 5) - MarketZone,SaaS,ITOM,ITOM SaaS,per asset - average server endpoint - SaaS ,74.68,PRP-00010828,Transition,USA List Prices 
Sentry Monitoring Studio for BMC Helix Operations Management for Servers (FedRAMP) - MarketZone,SaaS,ITOM,ITOM SaaS,per asset - average server endpoint - SaaS ,51.85,PRP-00006975,Transition,USA List Prices 
Sentry Monitoring Studio for BMC Helix Operations Management OnPrem for Devices - MarketZone,OPS,ITOM,ITOM On Prem,per managed asset - average Device Endpoint ,6.3,PRP-00007121,Generally Available,USA List Prices 
Sentry Monitoring Studio for BMC Helix Operations Management OnPrem for Devices - MarketZone,Perpetual,ITOM,ITOM On Prem,per managed asset - average Device Endpoint ,189,PRP-00007122,Generally Available,USA List Prices 
Sentry Monitoring Studio for BMC Helix Operations Management OnPrem for Serverless Assets (250-Pack) - MarketZone,OPS,ITOM,ITOM On Prem,per managed asset - average Serverless Asset ,327.72,PRP-00007119,Generally Available,USA List Prices 
Sentry Monitoring Studio for BMC Helix Operations Management OnPrem for Serverless Assets (250-Pack) - MarketZone,Perpetual,ITOM,ITOM On Prem,per managed asset - average Serverless Asset ,9832,PRP-00007120,Generally Available,USA List Prices 
Sentry Monitoring Studio for BMC Helix Operations Management OnPrem for Servers - MarketZone,OPS,ITOM,ITOM On Prem,per managed asset - average Server Endpoint ,30.57,PRP-00007123,Generally Available,USA List Prices 
Sentry Monitoring Studio for BMC Helix Operations Management OnPrem for Servers - MarketZone,Perpetual,ITOM,ITOM On Prem,per managed asset - average Server Endpoint ,917,PRP-00007124,Generally Available,USA List Prices 
Sentry Monitoring Studio for TrueSight Operations Management - MarketZone,OPS,ITOM,ITOM On Prem,per managed asset - server endpoint ,29.94,PRP-00004568,Transition,USA List Prices 
Sentry Monitoring Studio for TrueSight Operations Management - MarketZone,Perpetual,ITOM,ITOM On Prem,per managed asset - server endpoint ,898,PRP-00004570,Transition,USA List Prices 
Sentry Monitoring Studio for TrueSight Operations Management (CPU) - MarketZone,OPS,ITOM,ITOM On Prem,per CPU - Full Capacity ,27.23,PRP-00004565,Transition,USA List Prices 
Sentry Monitoring Studio for TrueSight Operations Management (CPU) - MarketZone,Perpetual,ITOM,ITOM On Prem,per CPU - Full Capacity ,817,PRP-00004566,Transition,USA List Prices 
Sentry Storage Analyzer for TrueSight Operations Management (Device Endpoint) - MarketZone,OPS,ITOM,ITOM On Prem,per managed asset - device endpoint ,133.09,PRP-00001004,Transition,USA List Prices 
Sentry Storage Analyzer for TrueSight Operations Management (Device Endpoint) - MarketZone,Perpetual,ITOM,ITOM On Prem,per managed asset - device endpoint ,3992,PRP-00001005,Transition,USA List Prices 
Sentry Storage Analyzer for TrueSight Operations Management (Monitored Element) - MarketZone,OPS,ITOM,ITOM On Prem,per monitored element ,60.47,PRP-00001002,Transition,USA List Prices 
Sentry Storage Analyzer for TrueSight Operations Management (Monitored Element) - MarketZone,Perpetual,ITOM,ITOM On Prem,per monitored element ,1815,PRP-00001003,Transition,USA List Prices 
Sentry Storage Analyzer for TrueSight Operations Management (Port) - MarketZone,OPS,ITOM,ITOM On Prem,per port ,30.24,PRP-00001000,Transition,USA List Prices 
Sentry Storage Analyzer for TrueSight Operations Management (Port) - MarketZone,Perpetual,ITOM,ITOM On Prem,per port ,907,PRP-00001001,Transition,USA List Prices 
Sentry Storage Monitor for BMC Helix Operations Management - MarketZone,SaaS,ITOM,ITOM SaaS,per asset - average port - SaaS ,36.76,PRP-00002547,Transition,USA List Prices 
Sentry Storage Monitor for BMC Helix Operations Management (DoD Impact Level 4) - MarketZone,SaaS,ITOM,ITOM SaaS,per asset - average port - SaaS ,63.54,PRP-00011082,Transition,USA List Prices 
Sentry Storage Monitor for BMC Helix Operations Management (DoD Impact Level 5) - MarketZone,SaaS,ITOM,ITOM SaaS,per asset - average port - SaaS ,76.26,PRP-00010829,Transition,USA List Prices 
Sentry Storage Monitor for BMC Helix Operations Management (FedRAMP) - MarketZone,SaaS,ITOM,ITOM SaaS,per asset - average port - SaaS ,52.93,PRP-00002546,Transition,USA List Prices 
Sentry Storage Monitor for BMC Helix Operations Management on BMC Cloud - MarketZone,SaaS,ITOM,ITOM SaaS,per asset - average port - SaaS ,36.76,PRP-00002545,Transition,USA List Prices 
Sentry Storage Monitor for BMC Helix Operations Management OnPrem - MarketZone,OPS,ITOM,ITOM On Prem,per managed asset - average Port ,31.24,PRP-00007171,Generally Available,USA List Prices 
Sentry Storage Monitor for BMC Helix Operations Management OnPrem - MarketZone,Perpetual,ITOM,ITOM On Prem,per managed asset - average Port ,937,PRP-00007172,Generally Available,USA List Prices 
SQL-BackTrack for Oracle,OPS,CVT,DM - DS,per gigabyte ,31.15,PRP-00000543,Withdrawn,USA List Prices 
SQL-BackTrack for Oracle,Perpetual,CVT,DM - DS,per gigabyte ,935,PRP-00000544,Withdrawn,USA List Prices 
SQL-BackTrack for Oracle,OPS,CVT,DM - DS,per gigabyte range ,7669.14,PRP-00000552,Withdrawn,USA List Prices 
SQL-BackTrack for Oracle,OPS,CVT,DM - DS,per gigabyte range ,1600.49,PRP-00000548,Withdrawn,USA List Prices 
SQL-BackTrack for Oracle,OPS,CVT,DM - DS,per gigabyte range ,391.13,PRP-00000545,Withdrawn,USA List Prices 
SQL-BackTrack for Oracle,OPS,CVT,DM - DS,per gigabyte range ,11503.74,PRP-00000553,Withdrawn,USA List Prices 
SQL-BackTrack for Oracle,OPS,CVT,DM - DS,per gigabyte range ,2875.92,PRP-00000549,Withdrawn,USA List Prices 
SQL-BackTrack for Oracle,OPS,CVT,DM - DS,per gigabyte range ,651.89,PRP-00000546,Withdrawn,USA List Prices 
SQL-BackTrack for Oracle,OPS,CVT,DM - DS,per gigabyte range ,3451.11,PRP-00000550,Withdrawn,USA List Prices 
SQL-BackTrack for Oracle,OPS,CVT,DM - DS,per gigabyte range ,958.65,PRP-00000547,Withdrawn,USA List Prices 
SQL-BackTrack for Oracle,OPS,CVT,DM - DS,per gigabyte range ,3834.57,PRP-00000551,Withdrawn,USA List Prices 
SQL-BackTrack for Oracle,Perpetual,CVT,DM - DS,per gigabyte range ,230074,PRP-00000561,Withdrawn,USA List Prices 
SQL-BackTrack for Oracle,Perpetual,CVT,DM - DS,per gigabyte range ,48015,PRP-00000557,Withdrawn,USA List Prices 
SQL-BackTrack for Oracle,Perpetual,CVT,DM - DS,per gigabyte range ,11734,PRP-00000554,Withdrawn,USA List Prices 
SQL-BackTrack for Oracle,Perpetual,CVT,DM - DS,per gigabyte range ,345112,PRP-00000562,Withdrawn,USA List Prices 
SQL-BackTrack for Oracle,Perpetual,CVT,DM - DS,per gigabyte range ,86277,PRP-00000558,Withdrawn,USA List Prices 
SQL-BackTrack for Oracle,Perpetual,CVT,DM - DS,per gigabyte range ,19557,PRP-00000555,Withdrawn,USA List Prices 
SQL-BackTrack for Oracle,Perpetual,CVT,DM - DS,per gigabyte range ,103533,PRP-00000559,Withdrawn,USA List Prices 
SQL-BackTrack for Oracle,Perpetual,CVT,DM - DS,per gigabyte range ,28760,PRP-00000556,Withdrawn,USA List Prices 
SQL-BackTrack for Oracle,Perpetual,CVT,DM - DS,per gigabyte range ,115037,PRP-00000560,Withdrawn,USA List Prices 
SQL-BackTrack for Sybase,OPS,CVT,DM - DS,per gigabyte ,36.74,PRP-00005679,Withdrawn,USA List Prices 
SQL-BackTrack for Sybase,Perpetual,CVT,DM - DS,per gigabyte ,1102,PRP-00005680,Withdrawn,USA List Prices 
SQL-BackTrack for Sybase,OPS,CVT,DM - DS,per gigabyte range ,9006.4,PRP-00005688,Withdrawn,USA List Prices 
SQL-BackTrack for Sybase,OPS,CVT,DM - DS,per gigabyte range ,1879.57,PRP-00005684,Withdrawn,USA List Prices 
SQL-BackTrack for Sybase,OPS,CVT,DM - DS,per gigabyte range ,459.33,PRP-00005681,Withdrawn,USA List Prices 
SQL-BackTrack for Sybase,OPS,CVT,DM - DS,per gigabyte range ,13509.65,PRP-00005689,Withdrawn,USA List Prices 
SQL-BackTrack for Sybase,OPS,CVT,DM - DS,per gigabyte range ,3377.39,PRP-00005685,Withdrawn,USA List Prices 
SQL-BackTrack for Sybase,OPS,CVT,DM - DS,per gigabyte range ,765.56,PRP-00005682,Withdrawn,USA List Prices 
SQL-BackTrack for Sybase,OPS,CVT,DM - DS,per gigabyte range ,4052.88,PRP-00005686,Withdrawn,USA List Prices 
SQL-BackTrack for Sybase,OPS,CVT,DM - DS,per gigabyte range ,1125.81,PRP-00005683,Withdrawn,USA List Prices 
SQL-BackTrack for Sybase,OPS,CVT,DM - DS,per gigabyte range ,4503.2,PRP-00005687,Withdrawn,USA List Prices 
SQL-BackTrack for Sybase,Perpetual,CVT,DM - DS,per gigabyte range ,270195,PRP-00005697,Withdrawn,USA List Prices 
SQL-BackTrack for Sybase,Perpetual,CVT,DM - DS,per gigabyte range ,56388,PRP-00005693,Withdrawn,USA List Prices 
SQL-BackTrack for Sybase,Perpetual,CVT,DM - DS,per gigabyte range ,13780,PRP-00005690,Withdrawn,USA List Prices 
SQL-BackTrack for Sybase,Perpetual,CVT,DM - DS,per gigabyte range ,405294,PRP-00005698,Withdrawn,USA List Prices 
SQL-BackTrack for Sybase,Perpetual,CVT,DM - DS,per gigabyte range ,101323,PRP-00005694,Withdrawn,USA List Prices 
SQL-BackTrack for Sybase,Perpetual,CVT,DM - DS,per gigabyte range ,22967,PRP-00005691,Withdrawn,USA List Prices 
SQL-BackTrack for Sybase,Perpetual,CVT,DM - DS,per gigabyte range ,121588,PRP-00005695,Withdrawn,USA List Prices 
SQL-BackTrack for Sybase,Perpetual,CVT,DM - DS,per gigabyte range ,33775,PRP-00005692,Withdrawn,USA List Prices 
SQL-BackTrack for Sybase,Perpetual,CVT,DM - DS,per gigabyte range ,135097,PRP-00005696,Withdrawn,USA List Prices 
Stackify Prefix Premium Edition,OPS,ITOM,ITOM On Prem,per instance ,22.05,PRP-00011252,Withdrawn,USA List Prices 
Stackify Prefix Premium Edition,Perpetual,ITOM,ITOM On Prem,per instance ,662,PRP-00011253,Withdrawn,USA List Prices 
Stackify Retrace Enterprise (15-day retention),SaaS,ITOM,ITOM SaaS,per host-month - SaaS ,44.27,PRP-00011254,Withdrawn,USA List Prices 
Stackify Retrace Enterprise (30-day retention),SaaS,ITOM,ITOM SaaS,per host-month - SaaS ,48.7,PRP-00011255,Withdrawn,USA List Prices 
Stackify Retrace Enterprise (60-day retention),SaaS,ITOM,ITOM SaaS,per host-month - SaaS ,57.55,PRP-00011256,Withdrawn,USA List Prices 
Stackify Retrace Enterprise (90-day retention),SaaS,ITOM,ITOM SaaS,per host-month - SaaS ,66.4,PRP-00011257,Withdrawn,USA List Prices 
Symphony Services Corp (Inbound Royalty - BMC BladeLogic Client Automation LPV49),Perpetual,CVT,BCA,N/A ,0,PRP-00010405,Generally Available,USA List Prices 
Symphony Services Corp (Inbound Royalty - BMC Database Recovery Management LAV87),Perpetual,CVT,DM - DS,N/A ,0,PRP-00010404,Generally Available,USA List Prices 
Symphony Web Access Manager (Inbound Royalty - Web Access Management),Perpetual,CVT,IDM,N/A ,0,PRP-00010402,Generally Available,USA List Prices 
Technology Alliance Program,Perpetual,ITSM,ITSM On Prem,N/A ,0,PRP-00010413,Generally Available,USA List Prices 
Track-It! Audit,OPS,CVT,Track-It,per asset ,0.8,PRP-00006171,Generally Available,USA List Prices 
Track-It! Audit,Perpetual,CVT,Track-It,per asset ,17,PRP-00006172,Generally Available,USA List Prices 
Track-It! Barcode (Includes 1 Device License),OPS,CVT,Track-It,per instance ,143.76,PRP-00006226,Generally Available,USA List Prices 
Track-It! Barcode (Includes 1 Device License),Perpetual,CVT,Track-It,per instance ,3137,PRP-00006227,Generally Available,USA List Prices 
Track-It! Barcode Device License,OPS,CVT,Track-It,per adapter ,32.23,PRP-00002383,Generally Available,USA List Prices 
Track-It! Barcode Device License,Perpetual,CVT,Track-It,per adapter ,703,PRP-00002384,Generally Available,USA List Prices 
Track-It! Base Package (1 Named Tech + 50 Inventory + 50 Ent SS),OPS,CVT,Track-It,per instance ,102.72,PRP-00004572,Generally Available,USA List Prices 
Track-It! Base Package (1 Named Tech + 50 Inventory + 50 Ent SS),Perpetual,CVT,Track-It,per instance ,2241,PRP-00004573,Generally Available,USA List Prices 
Track-It! Concurrent Technician,OPS,CVT,Track-It,per concurrent user ,124.54,PRP-00005954,Transition,USA List Prices 
Track-It! Concurrent Technician,Perpetual,CVT,Track-It,per concurrent user ,2717,PRP-00005956,Transition,USA List Prices 
Track-It! Concurrent Technician with 50 Self Service Users,OPS,CVT,Track-It,per concurrent user ,122.14,PRP-00005950,Generally Available,USA List Prices 
Track-It! Concurrent Technician with 50 Self Service Users,Perpetual,CVT,Track-It,per concurrent user ,2665,PRP-00005952,Generally Available,USA List Prices 
Track-It! Mac Audit,OPS,CVT,Track-It,per asset ,0.97,PRP-00004575,Generally Available,USA List Prices 
Track-It! Mac Audit,Perpetual,CVT,Track-It,per asset ,21,PRP-00004577,Generally Available,USA List Prices 
Track-It! Named Technician,OPS,CVT,Track-It,per named user ,56.59,PRP-00004760,Transition,USA List Prices 
Track-It! Named Technician,Perpetual,CVT,Track-It,per named user ,1235,PRP-00004761,Transition,USA List Prices 
Track-It! Named Technician with 50 Self Service Users,OPS,CVT,Track-It,per named user ,55.5,PRP-00004758,Generally Available,USA List Prices 
Track-It! Named Technician with 50 Self Service Users,Perpetual,CVT,Track-It,per named user ,1211,PRP-00004759,Generally Available,USA List Prices 
Track-It! Remote Control,OPS,CVT,Track-It,per asset ,0.91,PRP-00004582,Generally Available,USA List Prices 
Track-It! Remote Control,Perpetual,CVT,Track-It,per asset ,19,PRP-00004587,Generally Available,USA List Prices 
Track-It! Self Service Users,OPS,CVT,Track-It,per named user ,0.45,PRP-00005733,Generally Available,USA List Prices 
Track-It! Self Service Users,Perpetual,CVT,Track-It,per named user ,10,PRP-00005735,Generally Available,USA List Prices 
Track-It! Unlimited Self Service Users,OPS,CVT,Track-It,per named user ,999.37,PRP-00005737,Generally Available,USA List Prices 
Track-It! Unlimited Self Service Users,Perpetual,CVT,Track-It,per named user ,21804,PRP-00005739,Generally Available,USA List Prices 
Track-It! Web Survey - Enterprise,OPS,CVT,Track-It,per instance ,54.97,PRP-00004591,Generally Available,USA List Prices 
Track-It! Web Survey - Enterprise,Perpetual,CVT,Track-It,per instance ,1199,PRP-00004592,Generally Available,USA List Prices 
TrueSight App & DB Analyzer,OPS,ITOM,ITOM On Prem,per managed asset - server endpoint ,232.98,PRP-00005713,Transition,USA List Prices 
TrueSight App & DB Analyzer,Perpetual,ITOM,ITOM On Prem,per managed asset - server endpoint ,6990,PRP-00005715,Transition,USA List Prices 
TrueSight App & DB Analyzer (Linux zSeries),OPS,ITOM,ITOM On Prem,per Linux engine ,26663.52,PRP-00005717,Transition,USA List Prices 
TrueSight App & DB Analyzer (Linux zSeries),Perpetual,ITOM,ITOM On Prem,per Linux engine ,799907,PRP-00005719,Transition,USA List Prices 
TrueSight Automation for Networks,OPS,CVT,TSNA,per managed asset - device endpoint ,25.41,PRP-00000412,Generally Available,USA List Prices 
TrueSight Automation for Networks,Perpetual,CVT,TSNA,per managed asset - device endpoint ,763,PRP-00000413,Generally Available,USA List Prices 
TrueSight Automation for Servers,OPS,Remediate,Remediate On Prem,per managed asset - server endpoint ,130.37,PRP-00004370,Generally Available,USA List Prices 
TrueSight Automation for Servers,Perpetual,Remediate,Remediate On Prem,per managed asset - server endpoint ,3911,PRP-00004372,Generally Available,USA List Prices 
TrueSight Automation for Servers - Configuration and Compliance Management,OPS,Remediate,Remediate On Prem,per managed asset - server endpoint ,72.43,PRP-00003932,Generally Available,USA List Prices 
TrueSight Automation for Servers - Configuration and Compliance Management,Perpetual,Remediate,Remediate On Prem,per managed asset - server endpoint ,2173,PRP-00003933,Generally Available,USA List Prices 
TrueSight Automation for Servers - Patch and Vulnerability Management,OPS,Remediate,Remediate On Prem,per managed asset - server endpoint ,34.76,PRP-00000994,Generally Available,USA List Prices 
TrueSight Automation for Servers - Patch and Vulnerability Management,Perpetual,Remediate,Remediate On Prem,per managed asset - server endpoint ,1043,PRP-00000995,Generally Available,USA List Prices 
TrueSight Automation for Servers - Provisioning and Software Deployment,OPS,Remediate,Remediate On Prem,per managed asset - server endpoint ,28.98,PRP-00001453,Generally Available,USA List Prices 
TrueSight Automation for Servers - Provisioning and Software Deployment,Perpetual,Remediate,Remediate On Prem,per managed asset - server endpoint ,869,PRP-00001454,Generally Available,USA List Prices 
TrueSight Automation Suite - Base License,OPS,Remediate,Remediate On Prem,per enterprise ,1869.27,PRP-00000736,Generally Available,USA List Prices 
TrueSight Automation Suite - Base License,Perpetual,Remediate,Remediate On Prem,per enterprise ,56078,PRP-00000737,Generally Available,USA List Prices 
TrueSight Automation Suite (Server; Database; & Network plus Orchestration Automation Pack),OPS,Remediate,Remediate On Prem,per managed asset - server endpoint ,403.78,PRP-00002887,Transition,USA List Prices 
TrueSight Automation Suite (Server; Database; & Network plus Orchestration Automation Pack),Perpetual,Remediate,Remediate On Prem,per managed asset - server endpoint ,12113,PRP-00002888,Transition,USA List Prices 
TrueSight Capacity Optimization - Base License,OPS,ITOM,ITOM On Prem,per enterprise ,67.94,PRP-00006176,Transition,USA List Prices 
TrueSight Capacity Optimization - Base License,Perpetual,ITOM,ITOM On Prem,per enterprise ,2038,PRP-00006177,Transition,USA List Prices 
TrueSight Capacity Optimizer - Core (includes network and storage; Server Endpoint),OPS,ITOM,ITOM On Prem,per managed asset - server endpoint ,36.27,PRP-00003955,Transition,USA List Prices 
TrueSight Capacity Optimizer - Core (includes network and storage; Server Endpoint),Perpetual,ITOM,ITOM On Prem,per managed asset - server endpoint ,1089,PRP-00003956,Transition,USA List Prices 
TrueSight Capacity Optimizer (includes network and storage; CPU),OPS,ITOM,ITOM On Prem,per CPU - Full Capacity ,51.41,PRP-00004376,Transition,USA List Prices 
TrueSight Capacity Optimizer (includes network and storage; CPU),Perpetual,ITOM,ITOM On Prem,per CPU - Full Capacity ,1543,PRP-00004380,Transition,USA List Prices 
TrueSight Capacity Optimizer (includes network and storage; Server Endpoint),OPS,ITOM,ITOM On Prem,per managed asset - server endpoint ,51.41,PRP-00004382,Transition,USA List Prices 
TrueSight Capacity Optimizer (includes network and storage; Server Endpoint),Perpetual,ITOM,ITOM On Prem,per managed asset - server endpoint ,1543,PRP-00004384,Transition,USA List Prices 
TrueSight Capacity Optimizer for Networks,OPS,ITOM,ITOM On Prem,per managed asset - device endpoint ,6.05,PRP-00003613,Transition,USA List Prices 
TrueSight Capacity Optimizer for Networks,Perpetual,ITOM,ITOM On Prem,per managed asset - device endpoint ,181,PRP-00003614,Transition,USA List Prices 
TrueSight Capacity Optimizer for Networks Plus,OPS,ITOM,ITOM On Prem,per managed asset - device endpoint ,6.45,PRP-00003152,Transition,USA List Prices 
TrueSight Capacity Optimizer for Networks Plus,Perpetual,ITOM,ITOM On Prem,per managed asset - device endpoint ,193,PRP-00003153,Transition,USA List Prices 
TrueSight Capacity Optimizer for Serverless Assets Plus (250-Pack),OPS,ITOM,ITOM On Prem,per managed asset - average Serverless Asset ,568.87,PRP-00001140,Transition,USA List Prices 
TrueSight Capacity Optimizer for Serverless Assets Plus (250-Pack),Perpetual,ITOM,ITOM On Prem,per managed asset - average Serverless Asset ,17066,PRP-00001141,Transition,USA List Prices 
TrueSight Capacity Optimizer for Servers,OPS,ITOM,ITOM On Prem,per managed asset - server endpoint ,51.41,PRP-00003962,Transition,USA List Prices 
TrueSight Capacity Optimizer for Servers,Perpetual,ITOM,ITOM On Prem,per managed asset - server endpoint ,1543,PRP-00003963,Transition,USA List Prices 
TrueSight Capacity Optimizer for Servers - Core (Server Endpoint),OPS,ITOM,ITOM On Prem,per managed asset - server endpoint ,36.27,PRP-00005369,Transition,USA List Prices 
TrueSight Capacity Optimizer for Servers - Core (Server Endpoint),Perpetual,ITOM,ITOM On Prem,per managed asset - server endpoint ,1089,PRP-00005370,Transition,USA List Prices 
TrueSight Capacity Optimizer for Servers Plus,OPS,ITOM,ITOM On Prem,per managed asset - server endpoint ,54.87,PRP-00002385,Transition,USA List Prices 
TrueSight Capacity Optimizer for Servers Plus,Perpetual,ITOM,ITOM On Prem,per managed asset - server endpoint ,1646,PRP-00002386,Transition,USA List Prices 
TrueSight Capacity Optimizer for Storage,OPS,ITOM,ITOM On Prem,per port ,30.24,PRP-00002175,Transition,USA List Prices 
TrueSight Capacity Optimizer for Storage,Perpetual,ITOM,ITOM On Prem,per port ,907,PRP-00002176,Transition,USA List Prices 
TrueSight Capacity Optimizer for Storage Plus,OPS,ITOM,ITOM On Prem,per port ,32.28,PRP-00001831,Transition,USA List Prices 
TrueSight Capacity Optimizer for Storage Plus,Perpetual,ITOM,ITOM On Prem,per port ,968,PRP-00001832,Transition,USA List Prices 
TrueSight Cloud Cost Control,OPS,ITOM,ITOM On Prem,per managed asset - average Server Endpoint ,25.89,PRP-00002152,Withdrawn,USA List Prices 
TrueSight Cloud Cost Control,Perpetual,ITOM,ITOM On Prem,per managed asset - average Server Endpoint ,777,PRP-00002153,Withdrawn,USA List Prices 
TrueSight Converged Infrastructure Analyzer,OPS,ITOM,ITOM On Prem,per managed asset - server endpoint ,427.14,PRP-00005860,Transition,USA List Prices 
TrueSight Converged Infrastructure Analyzer,Perpetual,ITOM,ITOM On Prem,per managed asset - server endpoint ,12814,PRP-00005862,Transition,USA List Prices 
TrueSight Enterprise Event Manager,OPS,ITOM,ITOM On Prem,per enterprise ,53339.94,PRP-00000143,Transition,USA List Prices 
TrueSight Enterprise Event Manager,Perpetual,ITOM,ITOM On Prem,per enterprise ,1600198,PRP-00000144,Transition,USA List Prices 
TrueSight Event and Impact Manager,OPS,ITOM,ITOM On Prem,per managed asset - server endpoint ,115.79,PRP-00000239,Transition,USA List Prices 
TrueSight Event and Impact Manager,Perpetual,ITOM,ITOM On Prem,per managed asset - server endpoint ,3473,PRP-00000240,Transition,USA List Prices 
TrueSight Event Management Integrator,OPS,ITOM,ITOM On Prem,per third-party software ,1712.43,PRP-00004071,Transition,USA List Prices 
TrueSight Event Management Integrator,Perpetual,ITOM,ITOM On Prem,per third-party software ,51373,PRP-00004072,Transition,USA List Prices 
TrueSight Event Manager,OPS,ITOM,ITOM On Prem,per managed asset - server endpoint ,67.08,PRP-00004750,Transition,USA List Prices 
TrueSight Event Manager,Perpetual,ITOM,ITOM On Prem,per managed asset - server endpoint ,2013,PRP-00004751,Transition,USA List Prices 
TrueSight Impact Manager,OPS,ITOM,ITOM On Prem,per managed asset - server endpoint ,114.14,PRP-00005173,Transition,USA List Prices 
TrueSight Impact Manager,Perpetual,ITOM,ITOM On Prem,per managed asset - server endpoint ,3425,PRP-00005174,Transition,USA List Prices 
TrueSight Infrastructure Management Suite,OPS,ITOM,ITOM On Prem,per managed asset - server endpoint ,472.45,PRP-00005730,Transition,USA List Prices 
TrueSight Infrastructure Management Suite,Perpetual,ITOM,ITOM On Prem,per managed asset - server endpoint ,14173,PRP-00005732,Transition,USA List Prices 
TrueSight Network Automation,OPS,CVT,TSNA,per managed network device ,20.04,PRP-00000681,Transition,USA List Prices 
TrueSight Network Automation,Perpetual,CVT,TSNA,per managed network device ,601,PRP-00000682,Transition,USA List Prices 
TrueSight Network Automation - License Add-on,OPS,CVT,TSNA,per managed asset - device endpoint ,20.04,PRP-00002167,Transition,USA List Prices 
TrueSight Network Automation - License Add-on,Perpetual,CVT,TSNA,per managed asset - device endpoint ,601,PRP-00002168,Transition,USA List Prices 
TrueSight Network Automation for BMC Helix Automation Console,OPS,CVT,TSNA,per managed asset - average Device Endpoint ,17.42,PRP-00004886,Generally Available,USA List Prices 
TrueSight Operations,OPS,ITOM,ITOM On Prem,per enterprise ,3237.26,PRP-00000128,Transition,USA List Prices 
TrueSight Operations,Perpetual,ITOM,ITOM On Prem,per enterprise ,97075,PRP-00000129,Transition,USA List Prices 
TrueSight Operations - 10K Data Streams,OPS,ITOM,ITOM On Prem,per Data Stream ,11498.95,PRP-00001887,Transition,USA List Prices 
TrueSight Operations - 10K Data Streams,Perpetual,ITOM,ITOM On Prem,per Data Stream ,345003,PRP-00001888,Transition,USA List Prices 
TrueSight Operations - 1K Sentry Data Streams - MarketZone,OPS,ITOM,ITOM On Prem,per Data Stream ,602.95,PRP-00000841,Transition,USA List Prices 
TrueSight Operations - 1K Sentry Data Streams - MarketZone,Perpetual,ITOM,ITOM On Prem,per Data Stream ,18107,PRP-00000842,Transition,USA List Prices 
TrueSight Operations - 500 Third Party Events,OPS,ITOM,ITOM On Prem,per Event ,14376.29,PRP-00000988,Transition,USA List Prices 
TrueSight Operations - 500 Third Party Events,Perpetual,ITOM,ITOM On Prem,per Event ,431254,PRP-00000989,Transition,USA List Prices 
TrueSight Operations Management - Base License,OPS,ITOM,ITOM On Prem,per enterprise ,3235.89,PRP-00005314,Transition,USA List Prices 
TrueSight Operations Management - Base License,Perpetual,ITOM,ITOM On Prem,per enterprise ,97076,PRP-00005315,Transition,USA List Prices 
TrueSight Orchestration - Adapters License Add-on,OPS,Remediate,Remediate On Prem,per adapter ,3738.53,PRP-00000627,Generally Available,USA List Prices 
TrueSight Orchestration - Adapters License Add-on,Perpetual,Remediate,Remediate On Prem,per adapter ,112156,PRP-00000628,Generally Available,USA List Prices 
TrueSight Orchestration - Automation Pack (Device Endpoint),OPS,Remediate,Remediate On Prem,per managed asset - device endpoint ,13.06,PRP-00001893,Generally Available,USA List Prices 
TrueSight Orchestration - Automation Pack (Device Endpoint),Perpetual,Remediate,Remediate On Prem,per managed asset - device endpoint ,393,PRP-00001894,Generally Available,USA List Prices 
TrueSight Orchestration - Automation Pack (Server Endpoint),OPS,Remediate,Remediate On Prem,per managed asset - server endpoint ,31.78,PRP-00000679,Generally Available,USA List Prices 
TrueSight Orchestration - Automation Pack (Server Endpoint),Perpetual,Remediate,Remediate On Prem,per managed asset - server endpoint ,953,PRP-00000680,Generally Available,USA List Prices 
TrueSight Orchestration - Development Pack License Add-on,OPS,Remediate,Remediate On Prem,per enterprise ,24300.54,PRP-00000734,Generally Available,USA List Prices 
TrueSight Orchestration - Development Pack License Add-on,Perpetual,Remediate,Remediate On Prem,per enterprise ,729017,PRP-00000735,Generally Available,USA List Prices 
TrueSight Orchestration - Enterprise Edition,OPS,Remediate,Remediate On Prem,per managed asset - server endpoint ,13.17,PRP-00007010,Generally Available,USA List Prices 
TrueSight Orchestration - Enterprise Edition,Perpetual,Remediate,Remediate On Prem,per managed asset - server endpoint ,395,PRP-00007012,Generally Available,USA List Prices 
TrueSight Orchestration - Event Orchestration Pack,OPS,Remediate,Remediate On Prem,per managed asset - server endpoint ,18.18,PRP-00007081,Generally Available,USA List Prices 
TrueSight Orchestration - Event Orchestration Pack,Perpetual,Remediate,Remediate On Prem,per managed asset - server endpoint ,545,PRP-00007082,Generally Available,USA List Prices 
TrueSight Orchestration - Peer License Add-on,OPS,Remediate,Remediate On Prem,per instance ,8224.8,PRP-00000534,Generally Available,USA List Prices 
TrueSight Orchestration - Peer License Add-on,Perpetual,Remediate,Remediate On Prem,per instance ,246744,PRP-00000535,Generally Available,USA List Prices 
TrueSight Orchestration - Service Desk Automation Pack,OPS,Remediate,Remediate On Prem,per named user ,2.89,PRP-00000969,Generally Available,USA List Prices 
TrueSight Orchestration - Service Desk Automation Pack,Perpetual,Remediate,Remediate On Prem,per named user ,86,PRP-00000970,Generally Available,USA List Prices 
TrueSight Orchestration Application Adapters,OPS,Remediate,Remediate On Prem,per adapter ,3514.23,PRP-00000585,Transition,USA List Prices 
TrueSight Orchestration Application Adapters,Perpetual,Remediate,Remediate On Prem,per adapter ,105427,PRP-00000586,Transition,USA List Prices 
TrueSight Orchestration Base Adapters,OPS,Remediate,Remediate On Prem,per adapter ,1794.49,PRP-00005471,Transition,USA List Prices 
TrueSight Orchestration Base Adapters,Perpetual,Remediate,Remediate On Prem,per adapter ,53835,PRP-00005472,Transition,USA List Prices 
TrueSight Orchestration Development Studio,OPS,Remediate,Remediate On Prem,per named user ,1046.77,PRP-00002234,Transition,USA List Prices 
TrueSight Orchestration Development Studio,Perpetual,Remediate,Remediate On Prem,per named user ,31404,PRP-00002235,Transition,USA List Prices 
TrueSight Orchestration Development Studio - Concurrent User License,OPS,Remediate,Remediate On Prem,per concurrent user ,942.12,PRP-00002236,Transition,USA List Prices 
TrueSight Orchestration Development Studio - Concurrent User License,Perpetual,Remediate,Remediate On Prem,per concurrent user ,28263,PRP-00002237,Transition,USA List Prices 
TrueSight Orchestration Operator Control Panel,OPS,Remediate,Remediate On Prem,per named user ,672.94,PRP-00000629,Transition,USA List Prices 
TrueSight Orchestration Operator Control Panel,Perpetual,Remediate,Remediate On Prem,per named user ,20188,PRP-00000630,Transition,USA List Prices 
TrueSight Orchestration Pack for automate-it LEON,OPS,Remediate,Remediate On Prem,per managed asset - server endpoint ,7.95,PRP-00007059,Generally Available,USA List Prices 
TrueSight Orchestration Pack for automate-it LEON,Perpetual,Remediate,Remediate On Prem,per managed asset - server endpoint ,239,PRP-00007060,Generally Available,USA List Prices 
TrueSight Orchestration Platform (Original),OPS,Remediate,Remediate On Prem,per instance ,24300.54,PRP-00004722,Transition,USA List Prices 
TrueSight Orchestration Platform (Original),Perpetual,Remediate,Remediate On Prem,per instance ,729017,PRP-00004723,Transition,USA List Prices 
TrueSight Orchestration Platform Add-on,OPS,Remediate,Remediate On Prem,per instance ,8224.8,PRP-00004853,Transition,USA List Prices 
TrueSight Orchestration Platform Add-on,Perpetual,Remediate,Remediate On Prem,per instance ,246744,PRP-00004854,Transition,USA List Prices 
TrueSight Orchestration Runbooks,OPS,Remediate,Remediate On Prem,per instance ,10841.8,PRP-00001885,Transition,USA List Prices 
TrueSight Orchestration Runbooks,Perpetual,Remediate,Remediate On Prem,per instance ,325254,PRP-00001886,Transition,USA List Prices 
TrueSight Server Analyzer,OPS,ITOM,ITOM On Prem,per managed asset - server endpoint ,117.78,PRP-00005707,Transition,USA List Prices 
TrueSight Server Analyzer,Perpetual,ITOM,ITOM On Prem,per managed asset - server endpoint ,3534,PRP-00005709,Transition,USA List Prices 
TrueSight Server Analyzer (Linux zSeries),OPS,ITOM,ITOM On Prem,per Linux engine ,9448.75,PRP-00005710,Transition,USA List Prices 
TrueSight Server Analyzer (Linux zSeries),Perpetual,ITOM,ITOM On Prem,per Linux engine ,283462,PRP-00005712,Transition,USA List Prices 
TrueSight Server Automation - Compliance License Add-on,OPS,Remediate,Remediate On Prem,per managed asset - server endpoint ,44.97,PRP-00004175,Transition,USA List Prices 
TrueSight Server Automation - Compliance License Add-on,Perpetual,Remediate,Remediate On Prem,per managed asset - server endpoint ,1349,PRP-00004176,Transition,USA List Prices 
TrueSight Server Automation - Compliance Module,OPS,Remediate,Remediate On Prem,per agent ,44.97,PRP-00005177,Transition,USA List Prices 
TrueSight Server Automation - Compliance Module,Perpetual,Remediate,Remediate On Prem,per agent ,1349,PRP-00005178,Transition,USA List Prices 
TrueSight Server Automation - Configuration License Add-on,OPS,Remediate,Remediate On Prem,per managed asset - server endpoint ,44.97,PRP-00005727,Transition,USA List Prices 
TrueSight Server Automation - Configuration License Add-on,Perpetual,Remediate,Remediate On Prem,per managed asset - server endpoint ,1349,PRP-00005728,Transition,USA List Prices 
TrueSight Server Automation - Configuration Module,OPS,Remediate,Remediate On Prem,per agent ,44.97,PRP-00001775,Transition,USA List Prices 
TrueSight Server Automation - Configuration Module,Perpetual,Remediate,Remediate On Prem,per agent ,1349,PRP-00001776,Transition,USA List Prices 
TrueSight Server Automation - License Add-on,OPS,Remediate,Remediate On Prem,per managed asset - server endpoint ,102.5,PRP-00003142,Transition,USA List Prices 
TrueSight Server Automation - License Add-on,Perpetual,Remediate,Remediate On Prem,per managed asset - server endpoint ,3075,PRP-00003143,Transition,USA List Prices 
TrueSight Server Automation - Patch License Add-on,OPS,Remediate,Remediate On Prem,per managed asset - server endpoint ,15.43,PRP-00004754,Transition,USA List Prices 
TrueSight Server Automation - Patch License Add-on,Perpetual,Remediate,Remediate On Prem,per managed asset - server endpoint ,462,PRP-00004755,Transition,USA List Prices 
TrueSight Server Automation - Patching License for BMC Helix Automation Console,OPS,Remediate,Remediate On Prem,per managed asset - server endpoint ,5.51,PRP-00004740,Generally Available,USA List Prices 
TrueSight Server Automation - Patching License for BMC Helix Automation Console,Perpetual,Remediate,Remediate On Prem,per managed asset - server endpoint ,165,PRP-00004741,Generally Available,USA List Prices 
TrueSight Server Automation - Provisioning License Add-on,OPS,Remediate,Remediate On Prem,per managed asset - server endpoint ,15.43,PRP-00004743,Transition,USA List Prices 
TrueSight Server Automation - Provisioning License Add-on,Perpetual,Remediate,Remediate On Prem,per managed asset - server endpoint ,462,PRP-00004744,Transition,USA List Prices 
TrueSight Server Automation - Provisioning Module,OPS,Remediate,Remediate On Prem,per agent ,15.43,PRP-00002406,Transition,USA List Prices 
TrueSight Server Automation - Provisioning Module,Perpetual,Remediate,Remediate On Prem,per agent ,462,PRP-00002407,Transition,USA List Prices 
TrueSight Server Automation - Windows Server 2012 Extended Patching Service,Perpetual,Remediate,Remediate On Prem,Each ,39000,PRP-00001462,Withdrawn,USA List Prices 
TrueSight Server Automation for BMC Helix Automation Console,OPS,Remediate,Remediate On Prem,per managed asset - server endpoint ,39.93,PRP-00003848,Generally Available,USA List Prices 
TrueSight Server Automation for BMC Helix Automation Console,Perpetual,Remediate,Remediate On Prem,per managed asset - server endpoint ,1198,PRP-00003849,Generally Available,USA List Prices 
TrueSight Server Automation Suite,OPS,Remediate,Remediate On Prem,per agent ,102.5,PRP-00001881,Transition,USA List Prices 
TrueSight Server Automation Suite,Perpetual,Remediate,Remediate On Prem,per agent ,3075,PRP-00001882,Transition,USA List Prices 
TrueSight Serverless Monitoring and Event Management (250-Pack),OPS,ITOM,ITOM On Prem,per managed asset - average Serverless Asset ,1341.97,PRP-00001673,Transition,USA List Prices 
TrueSight Serverless Monitoring and Event Management (250-Pack),Perpetual,ITOM,ITOM On Prem,per managed asset - average Serverless Asset ,40259,PRP-00001674,Transition,USA List Prices 
TrueSight Smart Reporting - Capacity Optimization,OPS,ITOM,ITOM On Prem,per enterprise ,1820.33,PRP-00001451,Transition,USA List Prices 
TrueSight Smart Reporting - Capacity Optimization,Perpetual,ITOM,ITOM On Prem,per enterprise ,54610,PRP-00001452,Transition,USA List Prices 
TrueSight Smart Reporting - Network Automation,OPS,CVT,TSNA,per enterprise ,2050.14,PRP-00003160,Generally Available,USA List Prices 
TrueSight Smart Reporting - Network Automation,Perpetual,CVT,TSNA,per enterprise ,61505,PRP-00003161,Generally Available,USA List Prices 
TrueSight Smart Reporting - Operations Management,OPS,ITOM,ITOM On Prem,per enterprise ,4294.28,PRP-00001239,Transition,USA List Prices 
TrueSight Smart Reporting - Operations Management,Perpetual,ITOM,ITOM On Prem,per enterprise ,128829,PRP-00001240,Transition,USA List Prices 
TrueSight Smart Reporting - Server Automation,OPS,Remediate,Remediate On Prem,per enterprise ,2317.55,PRP-00001332,Generally Available,USA List Prices 
TrueSight Smart Reporting - Server Automation,Perpetual,Remediate,Remediate On Prem,per enterprise ,69527,PRP-00001333,Generally Available,USA List Prices 
TrueSight Third Party and Custom Data Analyzer,OPS,ITOM,ITOM On Prem,per managed asset - server endpoint ,53.04,PRP-00005740,Transition,USA List Prices 
TrueSight Third Party and Custom Data Analyzer,Perpetual,ITOM,ITOM On Prem,per managed asset - server endpoint ,1592,PRP-00005742,Transition,USA List Prices 
TrueSight Vulnerability Management - Device Endpoint License Add-on,OPS,CVT,TSNA,per managed asset - device endpoint ,4.11,PRP-00001661,Withdrawn,USA List Prices 
TrueSight Vulnerability Management - Device Endpoint License Add-on,Perpetual,CVT,TSNA,per managed asset - device endpoint ,123,PRP-00001662,Withdrawn,USA List Prices 
TrueSight Vulnerability Management - Server Endpoint License Add-on,OPS,Remediate,Remediate On Prem,per managed asset - server endpoint ,27.69,PRP-00002373,Withdrawn,USA List Prices 
TrueSight Vulnerability Management - Server Endpoint License Add-on,Perpetual,Remediate,Remediate On Prem,per managed asset - server endpoint ,831,PRP-00002374,Withdrawn,USA List Prices 
TrustCloud Onboarding and Training for BMC Helix - MarketZone,SaaS,ITSM,ITSM SaaS,Each ,16537.5,PRP-00010891,Transition,USA List Prices 
TrustCloud TrustOps Audit Frameworks for BMC Helix - MarketZone,SaaS,ITSM,ITSM SaaS,per instance - SaaS ,2296.51,PRP-00010887,Transition,USA List Prices 
TrustCloud TrustOps for BMC Helix (up to 10000 employees) - MarketZone,SaaS,ITSM,ITSM SaaS,per instance - SaaS ,9187.13,PRP-00010886,Transition,USA List Prices 
TrustCloud TrustRegister for BMC Helix (up to 10000 employees) - MarketZone,SaaS,ITSM,ITSM SaaS,per instance - SaaS ,9187.13,PRP-00010888,Transition,USA List Prices 
TrustCloud TrustShare Addons for BMC Helix (100 questionnaire pack) - MarketZone,SaaS,ITSM,ITSM SaaS,Each ,4594.12,PRP-00010890,Transition,USA List Prices 
TrustCloud TrustShare for BMC Helix (up to 10000 employees) - MarketZone,SaaS,ITSM,ITSM SaaS,per instance - SaaS ,12249.88,PRP-00010889,Transition,USA List Prices 
